design_index,preset,is_control,design_seed,spine_scale,design_notes,params
0,agnostida,0,7,0.3615,"segCount: -1.0 clamped to [2, 16];widthThoraxRear: 1.136943664849638 clamped to [0.3, 1.0]","{""axialSpine"": 0.0, ""axisFrac"": 0.28, ""axisRise"": 0.0, ""axisSigma"": 0.55, ""barrelR"": 2.6, ""bladeCamber"": 0.14, ""bladeChord"": 1.0, ""borderWidth"": 0.1, ""boreDia"": 1.95, ""cephFrac"": 0.4356515132148953, ""cephParallel"": 0.05, ""clearance"": 0.3, ""effacement"": 0.4, ""eyeArc"": 150.0, ""eyeHeight"": 0.8, ""eyeLat"": 0.0, ""eyePos"": 0.45, ""eyeProfile"": 4.0, ""eyeShade"": 0.0, ""eyeSize"": 0.0, ""eyeSlope"": 15.0, ""eyeSolid"": 0, ""fulcrum"": 0.55, ""furrowDepth"": 1.2, ""genalCurve"": 10.0, ""genalPath"": ""s**2"", ""genalSpine"": 0.0, ""genalSweep"": 0.3, ""genalTaper"": 2.0, ""genalWidth"": 0.12, ""genalWidthMM"": 0.0, ""glabFront"": 2.5, ""glabInflate"": 1.25, ""glabLobes"": 3, ""glabRise"": 0.12, ""headDomeExp"": 2.2, ""headDomeFill"": 0.82, ""headOutlineExp"": 2.15, ""headProngCenter"": 1.0, ""headProngCurl"": 0.0, ""headProngLen"": 0.6, ""headProngSplay"": 30.0, ""headProngStem"": 0.0, ""headProngWidth"": 0.45, ""headProngs"": 0, ""headRearArc"": 0.0, ""headRearExp"": 2.2, ""headRelief"": 1.0, ""headWall"": 1.0, ""length"": 90.0, ""lensD"": 0.16, ""lensGap"": 0.3, ""lensRise"": 0.35, ""macroAmp"": 0.8, ""macroIndex"": -1, ""marginHeight"": 0.14, ""maxAngle"": 18.0, ""nKnuckles"": 3, ""occipitalSpine"": 0.0, ""overlap"": 0.6966634422080873, ""pleuralSlope"": 0.74, ""pygFrac"": 0.29529372429605266, ""pygMarginal"": 0, ""pygMarginalLen"": 0.18074115794479917, ""pygRings"": 2, ""pygSpine"": 0.0, ""pygSplay"": 14.0, ""pygWidth"": 1.0, ""relief"": 12.522392152101533, ""ringArch"": 0.22, ""segCount"": 2, ""spineBase"": 0.0, ""spineGrad"": 0.0, ""spineSweep"": 45.0, ""tailDomeExp"": 2.0, ""tailProngCenter"": 1.0, ""tailProngCurl"": 0.0, ""tailProngLen"": 0.5, ""tailProngSplay"": 30.0, ""tailProngStem"": 0.0, ""tailProngWidth"": 0.45, ""tailProngs"": 0, ""tailRelief"": 1.0, ""tailWall"": 1.0, ""tent"": 1.0, ""termSpine"": 0.0, ""tipSweep"": 0.75, ""tipTaper"": 0.85, ""wall"": 2.0, ""width"": 55.0, ""widthHeadFront"": 0.75, ""widthMaxPos"": 0.5, ""widthTail"": 0.8, ""widthThoraxFront"": 0.95, ""widthThoraxRear"": 1.0}"
1,agnostida,0,7,0.8536,"widthThoraxRear: 1.2554253835488085 clamped to [0.3, 1.0]","{""axialSpine"": 0.0, ""axisFrac"": 0.28, ""axisRise"": 0.0, ""axisSigma"": 0.55, ""barrelR"": 2.6, ""bladeCamber"": 0.14, ""bladeChord"": 1.0, ""borderWidth"": 0.1, ""boreDia"": 1.95, ""cephFrac"": 0.36479672004386093, ""cephParallel"": 0.05, ""clearance"": 0.3, ""effacement"": 0.4, ""eyeArc"": 150.0, ""eyeHeight"": 0.8, ""eyeLat"": 0.0, ""eyePos"": 0.45, ""eyeProfile"": 4.0, ""eyeShade"": 0.0, ""eyeSize"": 0.0, ""eyeSlope"": 15.0, ""eyeSolid"": 0, ""fulcrum"": 0.55, ""furrowDepth"": 1.2, ""genalCurve"": 10.0, ""genalPath"": ""s**2"", ""genalSpine"": 0.0, ""genalSweep"": 0.3, ""genalTaper"": 2.0, ""genalWidth"": 0.12, ""genalWidthMM"": 0.0, ""glabFront"": 2.5, ""glabInflate"": 1.25, ""glabLobes"": 3, ""glabRise"": 0.12, ""headDomeExp"": 2.2, ""headDomeFill"": 0.82, ""headOutlineExp"": 2.15, ""headProngCenter"": 1.0, ""headProngCurl"": 0.0, ""headProngLen"": 0.6, ""headProngSplay"": 30.0, ""headProngStem"": 0.0, ""headProngWidth"": 0.45, ""headProngs"": 0, ""headRearArc"": 0.0, ""headRearExp"": 2.2, ""headRelief"": 1.0, ""headWall"": 1.0, ""length"": 90.0, ""lensD"": 0.16, ""lensGap"": 0.3, ""lensRise"": 0.35, ""macroAmp"": 0.8, ""macroIndex"": -1, ""marginHeight"": 0.14, ""maxAngle"": 18.0, ""nKnuckles"": 3, ""occipitalSpine"": 0.0, ""overlap"": 0.5741720110761415, ""pleuralSlope"": 0.74, ""pygFrac"": 0.3654145073909761, ""pygMarginal"": 0, ""pygMarginalLen"": 0.426780608218806, ""pygRings"": 2, ""pygSpine"": 0.0, ""pygSplay"": 14.0, ""pygWidth"": 1.0, ""relief"": 15.646841536710474, ""ringArch"": 0.22, ""segCount"": 4, ""spineBase"": 0.0, ""spineGrad"": 0.0, ""spineSweep"": 45.0, ""tailDomeExp"": 2.0, ""tailProngCenter"": 1.0, ""tailProngCurl"": 0.0, ""tailProngLen"": 0.5, ""tailProngSplay"": 30.0, ""tailProngStem"": 0.0, ""tailProngWidth"": 0.45, ""tailProngs"": 0, ""tailRelief"": 1.0, ""tailWall"": 1.0, ""tent"": 1.0, ""termSpine"": 0.0, ""tipSweep"": 0.75, ""tipTaper"": 0.85, ""wall"": 2.0, ""width"": 55.0, ""widthHeadFront"": 0.75, ""widthMaxPos"": 0.5, ""widthTail"": 0.8, ""widthThoraxFront"": 0.95, ""widthThoraxRear"": 1.0}"
2,agnostida,0,7,0.0339,"cephFrac: 0.5148715118045889 clamped to [0.18, 0.45];pygFrac: 0.4191915150082759 clamped to [0.05, 0.4];pygMarginalLen: 0.016926796729585466 clamped to [0.1, 1.5]","{""axialSpine"": 0.0, ""axisFrac"": 0.28, ""axisRise"": 0.0, ""axisSigma"": 0.55, ""barrelR"": 2.6, ""bladeCamber"": 0.14, ""bladeChord"": 1.0, ""borderWidth"": 0.1, ""boreDia"": 1.95, ""cephFrac"": 0.45, ""cephParallel"": 0.05, ""clearance"": 0.3, ""effacement"": 0.4, ""eyeArc"": 150.0, ""eyeHeight"": 0.8, ""eyeLat"": 0.0, ""eyePos"": 0.45, ""eyeProfile"": 4.0, ""eyeShade"": 0.0, ""eyeSize"": 0.0, ""eyeSlope"": 15.0, ""eyeSolid"": 0, ""fulcrum"": 0.55, ""furrowDepth"": 1.2, ""genalCurve"": 10.0, ""genalPath"": ""s**2"", ""genalSpine"": 0.0, ""genalSweep"": 0.3, ""genalTaper"": 2.0, ""genalWidth"": 0.12, ""genalWidthMM"": 0.0, ""glabFront"": 2.5, ""glabInflate"": 1.25, ""glabLobes"": 3, ""glabRise"": 0.12, ""headDomeExp"": 2.2, ""headDomeFill"": 0.82, ""headOutlineExp"": 2.15, ""headProngCenter"": 1.0, ""headProngCurl"": 0.0, ""headProngLen"": 0.6, ""headProngSplay"": 30.0, ""headProngStem"": 0.0, ""headProngWidth"": 0.45, ""headProngs"": 0, ""headRearArc"": 0.0, ""headRearExp"": 2.2, ""headRelief"": 1.0, ""headWall"": 1.0, ""length"": 90.0, ""lensD"": 0.16, ""lensGap"": 0.3, ""lensRise"": 0.35, ""macroAmp"": 0.8, ""macroIndex"": -1, ""marginHeight"": 0.14, ""maxAngle"": 18.0, ""nKnuckles"": 3, ""occipitalSpine"": 0.0, ""overlap"": 0.74114815236767, ""pleuralSlope"": 0.74, ""pygFrac"": 0.4, ""pygMarginal"": 0, ""pygMarginalLen"": 0.1, ""pygRings"": 2, ""pygSpine"": 0.0, ""pygSplay"": 14.0, ""pygWidth"": 1.0, ""relief"": 18.495938157530617, ""ringArch"": 0.22, ""segCount"": 4, ""spineBase"": 0.0, ""spineGrad"": 0.0, ""spineSweep"": 45.0, ""tailDomeExp"": 2.0, ""tailProngCenter"": 1.0, ""tailProngCurl"": 0.0, ""tailProngLen"": 0.5, ""tailProngSplay"": 30.0, ""tailProngStem"": 0.0, ""tailProngWidth"": 0.45, ""tailProngs"": 0, ""tailRelief"": 1.0, ""tailWall"": 1.0, ""tent"": 1.0, ""termSpine"": 0.0, ""tipSweep"": 0.75, ""tipTaper"": 0.85, ""wall"": 2.0, ""width"": 55.0, ""widthHeadFront"": 0.75, ""widthMaxPos"": 0.5, ""widthTail"": 0.8, ""widthThoraxFront"": 0.95, ""widthThoraxRear"": 0.9188176904480719}"
3,agnostida,0,7,1.1033,"segCount: 1.0 clamped to [2, 16];pygFrac: 0.5122531284208558 clamped to [0.05, 0.4]","{""axialSpine"": 0.0, ""axisFrac"": 0.28, ""axisRise"": 0.0, ""axisSigma"": 0.55, ""barrelR"": 2.6, ""bladeCamber"": 0.14, ""bladeChord"": 1.0, ""borderWidth"": 0.1, ""boreDia"": 1.95, ""cephFrac"": 0.30006066753553723, ""cephParallel"": 0.05, ""clearance"": 0.3, ""effacement"": 0.4, ""eyeArc"": 150.0, ""eyeHeight"": 0.8, ""eyeLat"": 0.0, ""eyePos"": 0.45, ""eyeProfile"": 4.0, ""eyeShade"": 0.0, ""eyeSize"": 0.0, ""eyeSlope"": 15.0, ""eyeSolid"": 0, ""fulcrum"": 0.55, ""furrowDepth"": 1.2, ""genalCurve"": 10.0, ""genalPath"": ""s**2"", ""genalSpine"": 0.0, ""genalSweep"": 0.3, ""genalTaper"": 2.0, ""genalWidth"": 0.12, ""genalWidthMM"": 0.0, ""glabFront"": 2.5, ""glabInflate"": 1.25, ""glabLobes"": 3, ""glabRise"": 0.12, ""headDomeExp"": 2.2, ""headDomeFill"": 0.82, ""headOutlineExp"": 2.15, ""headProngCenter"": 1.0, ""headProngCurl"": 0.0, ""headProngLen"": 0.6, ""headProngSplay"": 30.0, ""headProngStem"": 0.0, ""headProngWidth"": 0.45, ""headProngs"": 0, ""headRearArc"": 0.0, ""headRearExp"": 2.2, ""headRelief"": 1.0, ""headWall"": 1.0, ""length"": 90.0, ""lensD"": 0.16, ""lensGap"": 0.3, ""lensRise"": 0.35, ""macroAmp"": 0.8, ""macroIndex"": -1, ""marginHeight"": 0.14, ""maxAngle"": 18.0, ""nKnuckles"": 3, ""occipitalSpine"": 0.0, ""overlap"": 0.4370159025393384, ""pleuralSlope"": 0.74, ""pygFrac"": 0.4, ""pygMarginal"": 0, ""pygMarginalLen"": 0.5516303338309191, ""pygRings"": 2, ""pygSpine"": 0.0, ""pygSplay"": 14.0, ""pygWidth"": 1.0, ""relief"": 22.878852953351032, ""ringArch"": 0.22, ""segCount"": 2, ""spineBase"": 0.0, ""spineGrad"": 0.0, ""spineSweep"": 45.0, ""tailDomeExp"": 2.0, ""tailProngCenter"": 1.0, ""tailProngCurl"": 0.0, ""tailProngLen"": 0.5, ""tailProngSplay"": 30.0, ""tailProngStem"": 0.0, ""tailProngWidth"": 0.45, ""tailProngs"": 0, ""tailRelief"": 1.0, ""tailWall"": 1.0, ""tent"": 1.0, ""termSpine"": 0.0, ""tipSweep"": 0.75, ""tipTaper"": 0.85, ""wall"": 2.0, ""width"": 55.0, ""widthHeadFront"": 0.75, ""widthMaxPos"": 0.5, ""widthTail"": 0.8, ""widthThoraxFront"": 0.95, ""widthThoraxRear"": 0.6935399077405116}"
4,agnostida,0,7,0.4953,"cephFrac: 0.4732990118077779 clamped to [0.18, 0.45]","{""axialSpine"": 0.0, ""axisFrac"": 0.28, ""axisRise"": 0.0, ""axisSigma"": 0.55, ""barrelR"": 2.6, ""bladeCamber"": 0.14, ""bladeChord"": 1.0, ""borderWidth"": 0.1, ""boreDia"": 1.95, ""cephFrac"": 0.45, ""cephParallel"": 0.05, ""clearance"": 0.3, ""effacement"": 0.4, ""eyeArc"": 150.0, ""eyeHeight"": 0.8, ""eyeLat"": 0.0, ""eyePos"": 0.45, ""eyeProfile"": 4.0, ""eyeShade"": 0.0, ""eyeSize"": 0.0, ""eyeSlope"": 15.0, ""eyeSolid"": 0, ""fulcrum"": 0.55, ""furrowDepth"": 1.2, ""genalCurve"": 10.0, ""genalPath"": ""s**2"", ""genalSpine"": 0.0, ""genalSweep"": 0.3, ""genalTaper"": 2.0, ""genalWidth"": 0.12, ""genalWidthMM"": 0.0, ""glabFront"": 2.5, ""glabInflate"": 1.25, ""glabLobes"": 3, ""glabRise"": 0.12, ""headDomeExp"": 2.2, ""headDomeFill"": 0.82, ""headOutlineExp"": 2.15, ""headProngCenter"": 1.0, ""headProngCurl"": 0.0, ""headProngLen"": 0.6, ""headProngSplay"": 30.0, ""headProngStem"": 0.0, ""headProngWidth"": 0.45, ""headProngs"": 0, ""headRearArc"": 0.0, ""headRearExp"": 2.2, ""headRelief"": 1.0, ""headWall"": 1.0, ""length"": 90.0, ""lensD"": 0.16, ""lensGap"": 0.3, ""lensRise"": 0.35, ""macroAmp"": 0.8, ""macroIndex"": -1, ""marginHeight"": 0.14, ""maxAngle"": 18.0, ""nKnuckles"": 3, ""occipitalSpine"": 0.0, ""overlap"": 0.6209404703204774, ""pleuralSlope"": 0.74, ""pygFrac"": 0.3727448681518914, ""pygMarginal"": 0, ""pygMarginalLen"": 0.24764734736460758, ""pygRings"": 2, ""pygSpine"": 0.0, ""pygSplay"": 14.0, ""pygWidth"": 1.0, ""relief"": 22.19365888234319, ""ringArch"": 0.22, ""segCount"": 3, ""spineBase"": 0.0, ""spineGrad"": 0.0, ""spineSweep"": 45.0, ""tailDomeExp"": 2.0, ""tailProngCenter"": 1.0, ""tailProngCurl"": 0.0, ""tailProngLen"": 0.5, ""tailProngSplay"": 30.0, ""tailProngStem"": 0.0, ""tailProngWidth"": 0.45, ""tailProngs"": 0, ""tailRelief"": 1.0, ""tailWall"": 1.0, ""tent"": 1.0, ""termSpine"": 0.0, ""tipSweep"": 0.75, ""tipTaper"": 0.85, ""wall"": 2.0, ""width"": 55.0, ""widthHeadFront"": 0.75, ""widthMaxPos"": 0.5, ""widthTail"": 0.8, ""widthThoraxFront"": 0.95, ""widthThoraxRear"": 0.6530373174842029}"
5,agnostida,0,7,1.2318,"pygFrac: 0.47623431464129473 clamped to [0.05, 0.4];widthThoraxRear: 1.202910400142153 clamped to [0.3, 1.0]","{""axialSpine"": 0.0, ""axisFrac"": 0.28, ""axisRise"": 0.0, ""axisSigma"": 0.55, ""barrelR"": 2.6, ""bladeCamber"": 0.14, ""bladeChord"": 1.0, ""borderWidth"": 0.1, ""boreDia"": 1.95, ""cephFrac"": 0.3318191118055903, ""cephParallel"": 0.05, ""clearance"": 0.3, ""effacement"": 0.4, ""eyeArc"": 150.0, ""eyeHeight"": 0.8, ""eyeLat"": 0.0, ""eyePos"": 0.45, ""eyeProfile"": 4.0, ""eyeShade"": 0.0, ""eyeSize"": 0.0, ""eyeSlope"": 15.0, ""eyeSolid"": 0, ""fulcrum"": 0.55, ""furrowDepth"": 1.2, ""genalCurve"": 10.0, ""genalPath"": ""s**2"", ""genalSpine"": 0.0, ""genalSweep"": 0.3, ""genalTaper"": 2.0, ""genalWidth"": 0.12, ""genalWidthMM"": 0.0, ""glabFront"": 2.5, ""glabInflate"": 1.25, ""glabLobes"": 3, ""glabRise"": 0.12, ""headDomeExp"": 2.2, ""headDomeFill"": 0.82, ""headOutlineExp"": 2.15, ""headProngCenter"": 1.0, ""headProngCurl"": 0.0, ""headProngLen"": 0.6, ""headProngSplay"": 30.0, ""headProngStem"": 0.0, ""headProngWidth"": 0.45, ""headProngs"": 0, ""headRearArc"": 0.0, ""headRearExp"": 2.2, ""headRelief"": 1.0, ""headWall"": 1.0, ""length"": 90.0, ""lensD"": 0.16, ""lensGap"": 0.3, ""lensRise"": 0.35, ""macroAmp"": 0.8, ""macroIndex"": -1, ""marginHeight"": 0.14, ""maxAngle"": 18.0, ""nKnuckles"": 3, ""occipitalSpine"": 0.0, ""overlap"": 0.2782956505971038, ""pleuralSlope"": 0.74, ""pygFrac"": 0.4, ""pygMarginal"": 0, ""pygMarginalLen"": 0.6159088382319196, ""pygRings"": 2, ""pygSpine"": 0.0, ""pygSplay"": 14.0, ""pygWidth"": 1.0, ""relief"": 11.268885795048144, ""ringArch"": 0.22, ""segCount"": 3, ""spineBase"": 0.0, ""spineGrad"": 0.0, ""spineSweep"": 45.0, ""tailDomeExp"": 2.0, ""tailProngCenter"": 1.0, ""tailProngCurl"": 0.0, ""tailProngLen"": 0.5, ""tailProngSplay"": 30.0, ""tailProngStem"": 0.0, ""tailProngWidth"": 0.45, ""tailProngs"": 0, ""tailRelief"": 1.0, ""tailWall"": 1.0, ""tent"": 1.0, ""termSpine"": 0.0, ""tipSweep"": 0.75, ""tipTaper"": 0.85, ""wall"": 2.0, ""width"": 55.0, ""widthHeadFront"": 0.75, ""widthMaxPos"": 0.5, ""widthTail"": 0.8, ""widthThoraxFront"": 0.95, ""widthThoraxRear"": 1.0}"
6,agnostida,0,7,1.3831,"segCount: 0.0 clamped to [2, 16];cephFrac: 0.4946403937839695 clamped to [0.18, 0.45];pygFrac: 0.44523316708901056 clamped to [0.05, 0.4]","{""axialSpine"": 0.0, ""axisFrac"": 0.28, ""axisRise"": 0.0, ""axisSigma"": 0.55, ""barrelR"": 2.6, ""bladeCamber"": 0.14, ""bladeChord"": 1.0, ""borderWidth"": 0.1, ""boreDia"": 1.95, ""cephFrac"": 0.45, ""cephParallel"": 0.05, ""clearance"": 0.3, ""effacement"": 0.4, ""eyeArc"": 150.0, ""eyeHeight"": 0.8, ""eyeLat"": 0.0, ""eyePos"": 0.45, ""eyeProfile"": 4.0, ""eyeShade"": 0.0, ""eyeSize"": 0.0, ""eyeSlope"": 15.0, ""eyeSolid"": 0, ""fulcrum"": 0.55, ""furrowDepth"": 1.2, ""genalCurve"": 10.0, ""genalPath"": ""s**2"", ""genalSpine"": 0.0, ""genalSweep"": 0.3, ""genalTaper"": 2.0, ""genalWidth"": 0.12, ""genalWidthMM"": 0.0, ""glabFront"": 2.5, ""glabInflate"": 1.25, ""glabLobes"": 3, ""glabRise"": 0.12, ""headDomeExp"": 2.2, ""headDomeFill"": 0.82, ""headOutlineExp"": 2.15, ""headProngCenter"": 1.0, ""headProngCurl"": 0.0, ""headProngLen"": 0.6, ""headProngSplay"": 30.0, ""headProngStem"": 0.0, ""headProngWidth"": 0.45, ""headProngs"": 0, ""headRearArc"": 0.0, ""headRearExp"": 2.2, ""headRelief"": 1.0, ""headWall"": 1.0, ""length"": 90.0, ""lensD"": 0.16, ""lensGap"": 0.3, ""lensRise"": 0.35, ""macroAmp"": 0.8, ""macroIndex"": -1, ""marginHeight"": 0.14, ""maxAngle"": 18.0, ""nKnuckles"": 3, ""occipitalSpine"": 0.0, ""overlap"": 0.35267602090801975, ""pleuralSlope"": 0.74, ""pygFrac"": 0.4, ""pygMarginal"": 0, ""pygMarginalLen"": 0.6915269846371801, ""pygRings"": 2, ""pygSpine"": 0.0, ""pygSplay"": 14.0, ""pygWidth"": 1.0, ""relief"": 19.844646194049048, ""ringArch"": 0.22, ""segCount"": 2, ""spineBase"": 0.0, ""spineGrad"": 0.0, ""spineSweep"": 45.0, ""tailDomeExp"": 2.0, ""tailProngCenter"": 1.0, ""tailProngCurl"": 0.0, ""tailProngLen"": 0.5, ""tailProngSplay"": 30.0, ""tailProngStem"": 0.0, ""tailProngWidth"": 0.45, ""tailProngs"": 0, ""tailRelief"": 1.0, ""tailWall"": 1.0, ""tent"": 1.0, ""termSpine"": 0.0, ""tipSweep"": 0.75, ""tipTaper"": 0.85, ""wall"": 2.0, ""width"": 55.0, ""widthHeadFront"": 0.75, ""widthMaxPos"": 0.5, ""widthTail"": 0.8, ""widthThoraxFront"": 0.95, ""widthThoraxRear"": 0.772503502501789}"
7,agnostida,0,7,0.6396,"segCount: 1.0 clamped to [2, 16];widthThoraxRear: 1.0302820604830825 clamped to [0.3, 1.0]","{""axialSpine"": 0.0, ""axisFrac"": 0.28, ""axisRise"": 0.0, ""axisSigma"": 0.55, ""barrelR"": 2.6, ""bladeCamber"": 0.14, ""bladeChord"": 1.0, ""borderWidth"": 0.1, ""boreDia"": 1.95, ""cephFrac"": 0.3886176286246404, ""cephParallel"": 0.05, ""clearance"": 0.3, ""effacement"": 0.4, ""eyeArc"": 150.0, ""eyeHeight"": 0.8, ""eyeLat"": 0.0, ""eyePos"": 0.45, ""eyeProfile"": 4.0, ""eyeShade"": 0.0, ""eyeSize"": 0.0, ""eyeSlope"": 15.0, ""eyeSolid"": 0, ""fulcrum"": 0.55, ""furrowDepth"": 1.2, ""genalCurve"": 10.0, ""genalPath"": ""s**2"", ""genalSpine"": 0.0, ""genalSweep"": 0.3, ""genalTaper"": 2.0, ""genalWidth"": 0.12, ""genalWidthMM"": 0.0, ""glabFront"": 2.5, ""glabInflate"": 1.25, ""glabLobes"": 3, ""glabRise"": 0.12, ""headDomeExp"": 2.2, ""headDomeFill"": 0.82, ""headOutlineExp"": 2.15, ""headProngCenter"": 1.0, ""headProngCurl"": 0.0, ""headProngLen"": 0.6, ""headProngSplay"": 30.0, ""headProngStem"": 0.0, ""headProngWidth"": 0.45, ""headProngs"": 0, ""headRearArc"": 0.0, ""headRearExp"": 2.2, ""headRelief"": 1.0, ""headWall"": 1.0, ""length"": 90.0, ""lensD"": 0.16, ""lensGap"": 0.3, ""lensRise"": 0.35, ""macroAmp"": 0.8, ""macroIndex"": -1, ""marginHeight"": 0.14, ""maxAngle"": 18.0, ""nKnuckles"": 3, ""occipitalSpine"": 0.0, ""overlap"": 0.2386166615203528, ""pleuralSlope"": 0.74, ""pygFrac"": 0.33614018130078643, ""pygMarginal"": 0, ""pygMarginalLen"": 0.31977705770223097, ""pygRings"": 2, ""pygSpine"": 0.0, ""pygSplay"": 14.0, ""pygWidth"": 1.0, ""relief"": 14.77097415314805, ""ringArch"": 0.22, ""segCount"": 2, ""spineBase"": 0.0, ""spineGrad"": 0.0, ""spineSweep"": 45.0, ""tailDomeExp"": 2.0, ""tailProngCenter"": 1.0, ""tailProngCurl"": 0.0, ""tailProngLen"": 0.5, ""tailProngSplay"": 30.0, ""tailProngStem"": 0.0, ""tailProngWidth"": 0.45, ""tailProngs"": 0, ""tailRelief"": 1.0, ""tailWall"": 1.0, ""tent"": 1.0, ""termSpine"": 0.0, ""tipSweep"": 0.75, ""tipTaper"": 0.85, ""wall"": 2.0, ""width"": 55.0, ""widthHeadFront"": 0.75, ""widthMaxPos"": 0.5, ""widthTail"": 0.8, ""widthThoraxFront"": 0.95, ""widthThoraxRear"": 1.0}"
8,agnostida,1,7,,,"{""axialSpine"": 0.0, ""axisFrac"": 0.28, ""axisRise"": 0.0, ""axisSigma"": 0.55, ""barrelR"": 2.6, ""bladeCamber"": 0.14, ""bladeChord"": 1.0, ""borderWidth"": 0.1, ""boreDia"": 1.95, ""cephFrac"": 0.42, ""cephParallel"": 0.05, ""clearance"": 0.3, ""effacement"": 0.4, ""eyeArc"": 150.0, ""eyeHeight"": 0.8, ""eyeLat"": 0.0, ""eyePos"": 0.45, ""eyeProfile"": 4.0, ""eyeShade"": 0.0, ""eyeSize"": 0.0, ""eyeSlope"": 15.0, ""eyeSolid"": 0, ""fulcrum"": 0.55, ""furrowDepth"": 1.2, ""genalCurve"": 10.0, ""genalPath"": ""s**2"", ""genalSpine"": 0.0, ""genalSweep"": 0.3, ""genalTaper"": 2.0, ""genalWidth"": 0.12, ""genalWidthMM"": 0.0, ""glabFront"": 2.5, ""glabInflate"": 1.25, ""glabLobes"": 3, ""glabRise"": 0.12, ""headDomeExp"": 2.2, ""headDomeFill"": 0.82, ""headOutlineExp"": 2.15, ""headProngCenter"": 1.0, ""headProngCurl"": 0.0, ""headProngLen"": 0.6, ""headProngSplay"": 30.0, ""headProngStem"": 0.0, ""headProngWidth"": 0.45, ""headProngs"": 0, ""headRearArc"": 0.0, ""headRearExp"": 2.2, ""headRelief"": 1.0, ""headWall"": 1.0, ""length"": 90.0, ""lensD"": 0.16, ""lensGap"": 0.3, ""lensRise"": 0.35, ""macroAmp"": 0.8, ""macroIndex"": -1, ""marginHeight"": 0.14, ""maxAngle"": 18.0, ""nKnuckles"": 3, ""occipitalSpine"": 0.0, ""overlap"": 0.45, ""pleuralSlope"": 0.74, ""pygFrac"": 0.4, ""pygMarginal"": 0, ""pygMarginalLen"": 0.5, ""pygRings"": 2, ""pygSpine"": 0.0, ""pygSplay"": 14.0, ""pygWidth"": 1.0, ""relief"": 17.1, ""ringArch"": 0.22, ""segCount"": 2, ""spineBase"": 0.0, ""spineGrad"": 0.0, ""spineSweep"": 45.0, ""tailDomeExp"": 2.0, ""tailProngCenter"": 1.0, ""tailProngCurl"": 0.0, ""tailProngLen"": 0.5, ""tailProngSplay"": 30.0, ""tailProngStem"": 0.0, ""tailProngWidth"": 0.45, ""tailProngs"": 0, ""tailRelief"": 1.0, ""tailWall"": 1.0, ""tent"": 1.0, ""termSpine"": 0.0, ""tipSweep"": 0.75, ""tipTaper"": 0.85, ""wall"": 2.0, ""width"": 55.0, ""widthHeadFront"": 0.75, ""widthMaxPos"": 0.5, ""widthTail"": 0.8, ""widthThoraxFront"": 0.95, ""widthThoraxRear"": 0.95}"
9,agnostida,1,7,,,"{""axialSpine"": 0.0, ""axisFrac"": 0.28, ""axisRise"": 0.0, ""axisSigma"": 0.55, ""barrelR"": 2.6, ""bladeCamber"": 0.14, ""bladeChord"": 1.0, ""borderWidth"": 0.1, ""boreDia"": 1.95, ""cephFrac"": 0.42, ""cephParallel"": 0.05, ""clearance"": 0.3, ""effacement"": 0.4, ""eyeArc"": 150.0, ""eyeHeight"": 0.8, ""eyeLat"": 0.0, ""eyePos"": 0.45, ""eyeProfile"": 4.0, ""eyeShade"": 0.0, ""eyeSize"": 0.45, ""eyeSlope"": 15.0, ""eyeSolid"": 0, ""fulcrum"": 0.55, ""furrowDepth"": 1.2, ""genalCurve"": 10.0, ""genalPath"": ""s**2"", ""genalSpine"": 0.0, ""genalSweep"": 0.3, ""genalTaper"": 2.0, ""genalWidth"": 0.12, ""genalWidthMM"": 0.0, ""glabFront"": 2.5, ""glabInflate"": 1.25, ""glabLobes"": 3, ""glabRise"": 0.12, ""headDomeExp"": 2.2, ""headDomeFill"": 0.82, ""headOutlineExp"": 2.15, ""headProngCenter"": 1.0, ""headProngCurl"": 0.0, ""headProngLen"": 0.6, ""headProngSplay"": 30.0, ""headProngStem"": 0.0, ""headProngWidth"": 0.45, ""headProngs"": 0, ""headRearArc"": 0.0, ""headRearExp"": 2.2, ""headRelief"": 1.0, ""headWall"": 1.0, ""length"": 90.0, ""lensD"": 0.16, ""lensGap"": 0.3, ""lensRise"": 0.35, ""macroAmp"": 0.8, ""macroIndex"": -1, ""marginHeight"": 0.14, ""maxAngle"": 18.0, ""nKnuckles"": 3, ""occipitalSpine"": 0.0, ""overlap"": 0.45, ""pleuralSlope"": 0.74, ""pygFrac"": 0.4, ""pygMarginal"": 0, ""pygMarginalLen"": 0.5, ""pygRings"": 2, ""pygSpine"": 0.0, ""pygSplay"": 14.0, ""pygWidth"": 1.0, ""relief"": 17.1, ""ringArch"": 0.22, ""segCount"": 2, ""spineBase"": 0.0, ""spineGrad"": 0.0, ""spineSweep"": 45.0, ""tailDomeExp"": 2.0, ""tailProngCenter"": 1.0, ""tailProngCurl"": 0.0, ""tailProngLen"": 0.5, ""tailProngSplay"": 30.0, ""tailProngStem"": 0.0, ""tailProngWidth"": 0.45, ""tailProngs"": 0, ""tailRelief"": 1.0, ""tailWall"": 1.0, ""tent"": 1.0, ""termSpine"": 0.0, ""tipSweep"": 0.75, ""tipTaper"": 0.85, ""wall"": 2.0, ""width"": 55.0, ""widthHeadFront"": 0.75, ""widthMaxPos"": 0.5, ""widthTail"": 0.8, ""widthThoraxFront"": 0.95, ""widthThoraxRear"": 0.95}"
10,asaphida,0,7,0.6523,"widthThoraxRear: 1.0973668723424896 clamped to [0.3, 1.0]","{""axialSpine"": 0.0, ""axisFrac"": 0.28, ""axisRise"": 0.0, ""axisSigma"": 0.55, ""barrelR"": 2.6, ""bladeCamber"": 0.14, ""bladeChord"": 1.05, ""borderWidth"": 0.1, ""boreDia"": 1.95, ""cephFrac"": 0.250736853682138, ""cephParallel"": 0.05, ""clearance"": 0.3, ""effacement"": 0.8, ""eyeArc"": 160.0, ""eyeHeight"": 1.0, ""eyeLat"": 0.5, ""eyePos"": 0.55, ""eyeProfile"": 4.0, ""eyeShade"": 0.0, ""eyeSize"": 0.1, ""eyeSlope"": 45.0, ""eyeSolid"": 1, ""fulcrum"": 0.55, ""furrowDepth"": 0.5, ""genalCurve"": 10.0, ""genalPath"": ""s**2"", ""genalSpine"": 0.0, ""genalSweep"": 0.3, ""genalTaper"": 2.0, ""genalWidth"": 0.12, ""genalWidthMM"": 0.0, ""glabFront"": 2.5, ""glabInflate"": 1.25, ""glabLobes"": 3, ""glabRise"": 0.06, ""headDomeExp"": 2.2, ""headDomeFill"": 0.82, ""headOutlineExp"": 2.15, ""headProngCenter"": 1.0, ""headProngCurl"": 0.0, ""headProngLen"": 0.6, ""headProngSplay"": 30.0, ""headProngStem"": 0.0, ""headProngWidth"": 0.45, ""headProngs"": 0, ""headRearArc"": 0.0, ""headRearExp"": 2.2, ""headRelief"": 1.0, ""headWall"": 1.0, ""length"": 161.0, ""lensD"": 0.05, ""lensGap"": 0.0, ""lensRise"": 0.3, ""macroAmp"": 0.8, ""macroIndex"": -1, ""marginHeight"": 0.14, ""maxAngle"": 18.0, ""nKnuckles"": 3, ""occipitalSpine"": 0.0, ""overlap"": 0.7904606906423581, ""pleuralSlope"": 0.74, ""pygFrac"": 0.3213327913817433, ""pygMarginal"": 0, ""pygMarginalLen"": 0.32617467139590234, ""pygRings"": 3, ""pygSpine"": 0.0, ""pygSplay"": 14.0, ""pygWidth"": 1.0, ""relief"": 14.409570651560001, ""ringArch"": 0.22, ""segCount"": 7, ""spineBase"": 0.0, ""spineGrad"": 0.0, ""spineSweep"": 45.0, ""tailDomeExp"": 2.0, ""tailProngCenter"": 1.0, ""tailProngCurl"": 0.0, ""tailProngLen"": 0.5, ""tailProngSplay"": 30.0, ""tailProngStem"": 0.0, ""tailProngWidth"": 0.45, ""tailProngs"": 0, ""tailRelief"": 1.0, ""tailWall"": 1.0, ""tent"": 1.0, ""termSpine"": 0.0, ""tipSweep"": 0.75, ""tipTaper"": 0.5, ""wall"": 2.0, ""width"": 69.5, ""widthHeadFront"": 0.75, ""widthMaxPos"": 0.2, ""widthTail"": 0.75, ""widthThoraxFront"": 0.93, ""widthThoraxRear"": 1.0}"
11,asaphida,0,7,0.299,,"{""axialSpine"": 0.0, ""axisFrac"": 0.28, ""axisRise"": 0.0, ""axisSigma"": 0.55, ""barrelR"": 2.6, ""bladeCamber"": 0.14, ""bladeChord"": 1.05, ""borderWidth"": 0.1, ""boreDia"": 1.95, ""cephFrac"": 0.32557719115970807, ""cephParallel"": 0.05, ""clearance"": 0.3, ""effacement"": 0.8, ""eyeArc"": 160.0, ""eyeHeight"": 1.0, ""eyeLat"": 0.5, ""eyePos"": 0.55, ""eyeProfile"": 4.0, ""eyeShade"": 0.0, ""eyeSize"": 0.1, ""eyeSlope"": 45.0, ""eyeSolid"": 1, ""fulcrum"": 0.55, ""furrowDepth"": 0.5, ""genalCurve"": 10.0, ""genalPath"": ""s**2"", ""genalSpine"": 0.0, ""genalSweep"": 0.3, ""genalTaper"": 2.0, ""genalWidth"": 0.12, ""genalWidthMM"": 0.0, ""glabFront"": 2.5, ""glabInflate"": 1.25, ""glabLobes"": 3, ""glabRise"": 0.06, ""headDomeExp"": 2.2, ""headDomeFill"": 0.82, ""headOutlineExp"": 2.15, ""headProngCenter"": 1.0, ""headProngCurl"": 0.0, ""headProngLen"": 0.6, ""headProngSplay"": 30.0, ""headProngStem"": 0.0, ""headProngWidth"": 0.45, ""headProngs"": 0, ""headRearArc"": 0.0, ""headRearExp"": 2.2, ""headRelief"": 1.0, ""headWall"": 1.0, ""length"": 161.0, ""lensD"": 0.05, ""lensGap"": 0.0, ""lensRise"": 0.3, ""macroAmp"": 0.8, ""macroIndex"": -1, ""marginHeight"": 0.14, ""maxAngle"": 18.0, ""nKnuckles"": 3, ""occipitalSpine"": 0.0, ""overlap"": 0.525815800024702, ""pleuralSlope"": 0.74, ""pygFrac"": 0.2678999861462502, ""pygMarginal"": 0, ""pygMarginalLen"": 0.1495017066082761, ""pygRings"": 3, ""pygSpine"": 0.0, ""pygSplay"": 14.0, ""pygWidth"": 1.0, ""relief"": 20.311701239605263, ""ringArch"": 0.22, ""segCount"": 9, ""spineBase"": 0.0, ""spineGrad"": 0.0, ""spineSweep"": 45.0, ""tailDomeExp"": 2.0, ""tailProngCenter"": 1.0, ""tailProngCurl"": 0.0, ""tailProngLen"": 0.5, ""tailProngSplay"": 30.0, ""tailProngStem"": 0.0, ""tailProngWidth"": 0.45, ""tailProngs"": 0, ""tailRelief"": 1.0, ""tailWall"": 1.0, ""tent"": 1.0, ""termSpine"": 0.0, ""tipSweep"": 0.75, ""tipTaper"": 0.5, ""wall"": 2.0, ""width"": 69.5, ""widthHeadFront"": 0.75, ""widthMaxPos"": 0.2, ""widthTail"": 0.75, ""widthThoraxFront"": 0.93, ""widthThoraxRear"": 0.9303697746272164}"
12,asaphida,0,7,0.4986,,"{""axialSpine"": 0.0, ""axisFrac"": 0.28, ""axisRise"": 0.0, ""axisSigma"": 0.55, ""barrelR"": 2.6, ""bladeCamber"": 0.14, ""bladeChord"": 1.05, ""borderWidth"": 0.1, ""boreDia"": 1.95, ""cephFrac"": 0.21942533214554663, ""cephParallel"": 0.05, ""clearance"": 0.3, ""effacement"": 0.8, ""eyeArc"": 160.0, ""eyeHeight"": 1.0, ""eyeLat"": 0.5, ""eyePos"": 0.55, ""eyeProfile"": 4.0, ""eyeShade"": 0.0, ""eyeSize"": 0.1, ""eyeSlope"": 45.0, ""eyeSolid"": 1, ""fulcrum"": 0.55, ""furrowDepth"": 0.5, ""genalCurve"": 10.0, ""genalPath"": ""s**2"", ""genalSpine"": 0.0, ""genalSweep"": 0.3, ""genalTaper"": 2.0, ""genalWidth"": 0.12, ""genalWidthMM"": 0.0, ""glabFront"": 2.5, ""glabInflate"": 1.25, ""glabLobes"": 3, ""glabRise"": 0.06, ""headDomeExp"": 2.2, ""headDomeFill"": 0.82, ""headOutlineExp"": 2.15, ""headProngCenter"": 1.0, ""headProngCurl"": 0.0, ""headProngLen"": 0.6, ""headProngSplay"": 30.0, ""headProngStem"": 0.0, ""headProngWidth"": 0.45, ""headProngs"": 0, ""headRearArc"": 0.0, ""headRearExp"": 2.2, ""headRelief"": 1.0, ""headWall"": 1.0, ""length"": 161.0, ""lensD"": 0.05, ""lensGap"": 0.0, ""lensRise"": 0.3, ""macroAmp"": 0.8, ""macroIndex"": -1, ""marginHeight"": 0.14, ""maxAngle"": 18.0, ""nKnuckles"": 3, ""occipitalSpine"": 0.0, ""overlap"": 0.46927182367172865, ""pleuralSlope"": 0.74, ""pygFrac"": 0.24015153151696886, ""pygMarginal"": 0, ""pygMarginalLen"": 0.24930703186959968, ""pygRings"": 3, ""pygSpine"": 0.0, ""pygSplay"": 14.0, ""pygWidth"": 1.0, ""relief"": 12.67391491634078, ""ringArch"": 0.22, ""segCount"": 7, ""spineBase"": 0.0, ""spineGrad"": 0.0, ""spineSweep"": 45.0, ""tailDomeExp"": 2.0, ""tailProngCenter"": 1.0, ""tailProngCurl"": 0.0, ""tailProngLen"": 0.5, ""tailProngSplay"": 30.0, ""tailProngStem"": 0.0, ""tailProngWidth"": 0.45, ""tailProngs"": 0, ""tailRelief"": 1.0, ""tailWall"": 1.0, ""tent"": 1.0, ""termSpine"": 0.0, ""tipSweep"": 0.75, ""tipTaper"": 0.5, ""wall"": 2.0, ""width"": 69.5, ""widthHeadFront"": 0.75, ""widthMaxPos"": 0.2, ""widthTail"": 0.75, ""widthThoraxFront"": 0.93, ""widthThoraxRear"": 0.6377248566769265}"
13,asaphida,0,7,0.8075,,"{""axialSpine"": 0.0, ""axisFrac"": 0.28, ""axisRise"": 0.0, ""axisSigma"": 0.55, ""barrelR"": 2.6, ""bladeCamber"": 0.14, ""bladeChord"": 1.05, ""borderWidth"": 0.1, ""boreDia"": 1.95, ""cephFrac"": 0.3183432662548885, ""cephParallel"": 0.05, ""clearance"": 0.3, ""effacement"": 0.8, ""eyeArc"": 160.0, ""eyeHeight"": 1.0, ""eyeLat"": 0.5, ""eyePos"": 0.55, ""eyeProfile"": 4.0, ""eyeShade"": 0.0, ""eyeSize"": 0.1, ""eyeSlope"": 45.0, ""eyeSolid"": 1, ""fulcrum"": 0.55, ""furrowDepth"": 0.5, ""genalCurve"": 10.0, ""genalPath"": ""s**2"", ""genalSpine"": 0.0, ""genalSweep"": 0.3, ""genalTaper"": 2.0, ""genalWidth"": 0.12, ""genalWidthMM"": 0.0, ""glabFront"": 2.5, ""glabInflate"": 1.25, ""glabLobes"": 3, ""glabRise"": 0.06, ""headDomeExp"": 2.2, ""headDomeFill"": 0.82, ""headOutlineExp"": 2.15, ""headProngCenter"": 1.0, ""headProngCurl"": 0.0, ""headProngLen"": 0.6, ""headProngSplay"": 30.0, ""headProngStem"": 0.0, ""headProngWidth"": 0.45, ""headProngs"": 0, ""headRearArc"": 0.0, ""headRearExp"": 2.2, ""headRelief"": 1.0, ""headWall"": 1.0, ""length"": 161.0, ""lensD"": 0.05, ""lensGap"": 0.0, ""lensRise"": 0.3, ""macroAmp"": 0.8, ""macroIndex"": -1, ""marginHeight"": 0.14, ""maxAngle"": 18.0, ""nKnuckles"": 3, ""occipitalSpine"": 0.0, ""overlap"": 0.6262763280004658, ""pleuralSlope"": 0.74, ""pygFrac"": 0.3736093039456977, ""pygMarginal"": 0, ""pygMarginalLen"": 0.4037493272708317, ""pygRings"": 3, ""pygSpine"": 0.0, ""pygSplay"": 14.0, ""pygWidth"": 1.0, ""relief"": 11.837918875248079, ""ringArch"": 0.22, ""segCount"": 10, ""spineBase"": 0.0, ""spineGrad"": 0.0, ""spineSweep"": 45.0, ""tailDomeExp"": 2.0, ""tailProngCenter"": 1.0, ""tailProngCurl"": 0.0, ""tailProngLen"": 0.5, ""tailProngSplay"": 30.0, ""tailProngStem"": 0.0, ""tailProngWidth"": 0.45, ""tailProngs"": 0, ""tailRelief"": 1.0, ""tailWall"": 1.0, ""tent"": 1.0, ""termSpine"": 0.0, ""tipSweep"": 0.75, ""tipTaper"": 0.5, ""wall"": 2.0, ""width"": 69.5, ""widthHeadFront"": 0.75, ""widthMaxPos"": 0.2, ""widthTail"": 0.75, ""widthThoraxFront"": 0.93, ""widthThoraxRear"": 0.5066145167369059}"
14,asaphida,0,7,0.1803,"pygMarginalLen: 0.09012664169404283 clamped to [0.1, 1.5]","{""axialSpine"": 0.0, ""axisFrac"": 0.28, ""axisRise"": 0.0, ""axisSigma"": 0.55, ""barrelR"": 2.6, ""bladeCamber"": 0.14, ""bladeChord"": 1.05, ""borderWidth"": 0.1, ""boreDia"": 1.95, ""cephFrac"": 0.36782110176790367, ""cephParallel"": 0.05, ""clearance"": 0.3, ""effacement"": 0.8, ""eyeArc"": 160.0, ""eyeHeight"": 1.0, ""eyeLat"": 0.5, ""eyePos"": 0.55, ""eyeProfile"": 4.0, ""eyeShade"": 0.0, ""eyeSize"": 0.1, ""eyeSlope"": 45.0, ""eyeSolid"": 1, ""fulcrum"": 0.55, ""furrowDepth"": 0.5, ""genalCurve"": 10.0, ""genalPath"": ""s**2"", ""genalSpine"": 0.0, ""genalSweep"": 0.3, ""genalTaper"": 2.0, ""genalWidth"": 0.12, ""genalWidthMM"": 0.0, ""glabFront"": 2.5, ""glabInflate"": 1.25, ""glabLobes"": 3, ""glabRise"": 0.06, ""headDomeExp"": 2.2, ""headDomeFill"": 0.82, ""headOutlineExp"": 2.15, ""headProngCenter"": 1.0, ""headProngCurl"": 0.0, ""headProngLen"": 0.6, ""headProngSplay"": 30.0, ""headProngStem"": 0.0, ""headProngWidth"": 0.45, ""headProngs"": 0, ""headRearArc"": 0.0, ""headRearExp"": 2.2, ""headRelief"": 1.0, ""headWall"": 1.0, ""length"": 161.0, ""lensD"": 0.05, ""lensGap"": 0.0, ""lensRise"": 0.3, ""macroAmp"": 0.8, ""macroIndex"": -1, ""marginHeight"": 0.14, ""maxAngle"": 18.0, ""nKnuckles"": 3, ""occipitalSpine"": 0.0, ""overlap"": 0.22665603327676342, ""pleuralSlope"": 0.74, ""pygFrac"": 0.23142088854091922, ""pygMarginal"": 0, ""pygMarginalLen"": 0.1, ""pygRings"": 3, ""pygSpine"": 0.0, ""pygSplay"": 14.0, ""pygWidth"": 1.0, ""relief"": 20.637503252128386, ""ringArch"": 0.22, ""segCount"": 8, ""spineBase"": 0.0, ""spineGrad"": 0.0, ""spineSweep"": 45.0, ""tailDomeExp"": 2.0, ""tailProngCenter"": 1.0, ""tailProngCurl"": 0.0, ""tailProngLen"": 0.5, ""tailProngSplay"": 30.0, ""tailProngStem"": 0.0, ""tailProngWidth"": 0.45, ""tailProngs"": 0, ""tailRelief"": 1.0, ""tailWall"": 1.0, ""tent"": 1.0, ""termSpine"": 0.0, ""tipSweep"": 0.75, ""tipTaper"": 0.5, ""wall"": 2.0, ""width"": 69.5, ""widthHeadFront"": 0.75, ""widthMaxPos"": 0.2, ""widthTail"": 0.75, ""widthThoraxFront"": 0.93, ""widthThoraxRear"": 0.6718620447743496}"
15,asaphida,0,7,1.3998,,"{""axialSpine"": 0.0, ""axisFrac"": 0.28, ""axisRise"": 0.0, ""axisSigma"": 0.55, ""barrelR"": 2.6, ""bladeCamber"": 0.14, ""bladeChord"": 1.05, ""borderWidth"": 0.1, ""boreDia"": 1.95, ""cephFrac"": 0.26914039382699156, ""cephParallel"": 0.05, ""clearance"": 0.3, ""effacement"": 0.8, ""eyeArc"": 160.0, ""eyeHeight"": 1.0, ""eyeLat"": 0.5, ""eyePos"": 0.55, ""eyeProfile"": 4.0, ""eyeShade"": 0.0, ""eyeSize"": 0.1, ""eyeSlope"": 45.0, ""eyeSolid"": 1, ""fulcrum"": 0.55, ""furrowDepth"": 0.5, ""genalCurve"": 10.0, ""genalPath"": ""s**2"", ""genalSpine"": 0.0, ""genalSweep"": 0.3, ""genalTaper"": 2.0, ""genalWidth"": 0.12, ""genalWidthMM"": 0.0, ""glabFront"": 2.5, ""glabInflate"": 1.25, ""glabLobes"": 3, ""glabRise"": 0.06, ""headDomeExp"": 2.2, ""headDomeFill"": 0.82, ""headOutlineExp"": 2.15, ""headProngCenter"": 1.0, ""headProngCurl"": 0.0, ""headProngLen"": 0.6, ""headProngSplay"": 30.0, ""headProngStem"": 0.0, ""headProngWidth"": 0.45, ""headProngs"": 0, ""headRearArc"": 0.0, ""headRearExp"": 2.2, ""headRelief"": 1.0, ""headWall"": 1.0, ""length"": 161.0, ""lensD"": 0.05, ""lensGap"": 0.0, ""lensRise"": 0.3, ""macroAmp"": 0.8, ""macroIndex"": -1, ""marginHeight"": 0.14, ""maxAngle"": 18.0, ""nKnuckles"": 3, ""occipitalSpine"": 0.0, ""overlap"": 0.6889323864871993, ""pleuralSlope"": 0.74, ""pygFrac"": 0.3550007597170601, ""pygMarginal"": 0, ""pygMarginalLen"": 0.6999225032869805, ""pygRings"": 3, ""pygSpine"": 0.0, ""pygSplay"": 14.0, ""pygWidth"": 1.0, ""relief"": 22.965294633850988, ""ringArch"": 0.22, ""segCount"": 11, ""spineBase"": 0.0, ""spineGrad"": 0.0, ""spineSweep"": 45.0, ""tailDomeExp"": 2.0, ""tailProngCenter"": 1.0, ""tailProngCurl"": 0.0, ""tailProngLen"": 0.5, ""tailProngSplay"": 30.0, ""tailProngStem"": 0.0, ""tailProngWidth"": 0.45, ""tailProngs"": 0, ""tailRelief"": 1.0, ""tailWall"": 1.0, ""tent"": 1.0, ""termSpine"": 0.0, ""tipSweep"": 0.75, ""tipTaper"": 0.5, ""wall"": 2.0, ""width"": 69.5, ""widthHeadFront"": 0.75, ""widthMaxPos"": 0.2, ""widthTail"": 0.75, ""widthThoraxFront"": 0.93, ""widthThoraxRear"": 0.9762329401770814}"
16,asaphida,0,7,1.2428,,"{""axialSpine"": 0.0, ""axisFrac"": 0.28, ""axisRise"": 0.0, ""axisSigma"": 0.55, ""barrelR"": 2.6, ""bladeCamber"": 0.14, ""bladeChord"": 1.05, ""borderWidth"": 0.1, ""boreDia"": 1.95, ""cephFrac"": 0.3628430323072057, ""cephParallel"": 0.05, ""clearance"": 0.3, ""effacement"": 0.8, ""eyeArc"": 160.0, ""eyeHeight"": 1.0, ""eyeLat"": 0.5, ""eyePos"": 0.55, ""eyeProfile"": 4.0, ""eyeShade"": 0.0, ""eyeSize"": 0.1, ""eyeSlope"": 45.0, ""eyeSolid"": 1, ""fulcrum"": 0.55, ""furrowDepth"": 0.5, ""genalCurve"": 10.0, ""genalPath"": ""s**2"", ""genalSpine"": 0.0, ""genalSweep"": 0.3, ""genalTaper"": 2.0, ""genalWidth"": 0.12, ""genalWidthMM"": 0.0, ""glabFront"": 2.5, ""glabInflate"": 1.25, ""glabLobes"": 3, ""glabRise"": 0.06, ""headDomeExp"": 2.2, ""headDomeFill"": 0.82, ""headOutlineExp"": 2.15, ""headProngCenter"": 1.0, ""headProngCurl"": 0.0, ""headProngLen"": 0.6, ""headProngSplay"": 30.0, ""headProngStem"": 0.0, ""headProngWidth"": 0.45, ""headProngs"": 0, ""headRearArc"": 0.0, ""headRearExp"": 2.2, ""headRelief"": 1.0, ""headWall"": 1.0, ""length"": 161.0, ""lensD"": 0.05, ""lensGap"": 0.0, ""lensRise"": 0.3, ""macroAmp"": 0.8, ""macroIndex"": -1, ""marginHeight"": 0.14, ""maxAngle"": 18.0, ""nKnuckles"": 3, ""occipitalSpine"": 0.0, ""overlap"": 0.33239355374588925, ""pleuralSlope"": 0.74, ""pygFrac"": 0.2995588818948133, ""pygMarginal"": 0, ""pygMarginalLen"": 0.621384455143585, ""pygRings"": 3, ""pygSpine"": 0.0, ""pygSplay"": 14.0, ""pygWidth"": 1.0, ""relief"": 17.98837034199114, ""ringArch"": 0.22, ""segCount"": 6, ""spineBase"": 0.0, ""spineGrad"": 0.0, ""spineSweep"": 45.0, ""tailDomeExp"": 2.0, ""tailProngCenter"": 1.0, ""tailProngCurl"": 0.0, ""tailProngLen"": 0.5, ""tailProngSplay"": 30.0, ""tailProngStem"": 0.0, ""tailProngWidth"": 0.45, ""tailProngs"": 0, ""tailRelief"": 1.0, ""tailWall"": 1.0, ""tent"": 1.0, ""termSpine"": 0.0, ""tipSweep"": 0.75, ""tipTaper"": 0.5, ""wall"": 2.0, ""width"": 69.5, ""widthHeadFront"": 0.75, ""widthMaxPos"": 0.2, ""widthTail"": 0.75, ""widthThoraxFront"": 0.93, ""widthThoraxRear"": 0.7240563244217816}"
17,asaphida,0,7,1.0566,,"{""axialSpine"": 0.0, ""axisFrac"": 0.28, ""axisRise"": 0.0, ""axisSigma"": 0.55, ""barrelR"": 2.6, ""bladeCamber"": 0.14, ""bladeChord"": 1.05, ""borderWidth"": 0.1, ""boreDia"": 1.95, ""cephFrac"": 0.2890425806134997, ""cephParallel"": 0.05, ""clearance"": 0.3, ""effacement"": 0.8, ""eyeArc"": 160.0, ""eyeHeight"": 1.0, ""eyeLat"": 0.5, ""eyePos"": 0.55, ""eyeProfile"": 4.0, ""eyeShade"": 0.0, ""eyeSize"": 0.1, ""eyeSlope"": 45.0, ""eyeSolid"": 1, ""fulcrum"": 0.55, ""furrowDepth"": 0.5, ""genalCurve"": 10.0, ""genalPath"": ""s**2"", ""genalSpine"": 0.0, ""genalSweep"": 0.3, ""genalTaper"": 2.0, ""genalWidth"": 0.12, ""genalWidthMM"": 0.0, ""glabFront"": 2.5, ""glabInflate"": 1.25, ""glabLobes"": 3, ""glabRise"": 0.06, ""headDomeExp"": 2.2, ""headDomeFill"": 0.82, ""headOutlineExp"": 2.15, ""headProngCenter"": 1.0, ""headProngCurl"": 0.0, ""headProngLen"": 0.6, ""headProngSplay"": 30.0, ""headProngStem"": 0.0, ""headProngWidth"": 0.45, ""headProngs"": 0, ""headRearArc"": 0.0, ""headRearExp"": 2.2, ""headRelief"": 1.0, ""headWall"": 1.0, ""length"": 161.0, ""lensD"": 0.05, ""lensGap"": 0.0, ""lensRise"": 0.3, ""macroAmp"": 0.8, ""macroIndex"": -1, ""marginHeight"": 0.14, ""maxAngle"": 18.0, ""nKnuckles"": 3, ""occipitalSpine"": 0.0, ""overlap"": 0.41818844854929127, ""pleuralSlope"": 0.74, ""pygFrac"": 0.33409926005489105, ""pygMarginal"": 0, ""pygMarginalLen"": 0.5283024547405981, ""pygRings"": 3, ""pygSpine"": 0.0, ""pygSplay"": 14.0, ""pygWidth"": 1.0, ""relief"": 17.016104314444963, ""ringArch"": 0.22, ""segCount"": 5, ""spineBase"": 0.0, ""spineGrad"": 0.0, ""spineSweep"": 45.0, ""tailDomeExp"": 2.0, ""tailProngCenter"": 1.0, ""tailProngCurl"": 0.0, ""tailProngLen"": 0.5, ""tailProngSplay"": 30.0, ""tailProngStem"": 0.0, ""tailProngWidth"": 0.45, ""tailProngs"": 0, ""tailRelief"": 1.0, ""tailWall"": 1.0, ""tent"": 1.0, ""termSpine"": 0.0, ""tipSweep"": 0.75, ""tipTaper"": 0.5, ""wall"": 2.0, ""width"": 69.5, ""widthHeadFront"": 0.75, ""widthMaxPos"": 0.2, ""widthTail"": 0.75, ""widthThoraxFront"": 0.93, ""widthThoraxRear"": 0.8170326555980272}"
18,asaphida,1,7,,,"{""axialSpine"": 0.0, ""axisFrac"": 0.28, ""axisRise"": 0.0, ""axisSigma"": 0.55, ""barrelR"": 2.6, ""bladeCamber"": 0.14, ""bladeChord"": 1.05, ""borderWidth"": 0.1, ""boreDia"": 1.95, ""cephFrac"": 0.3, ""cephParallel"": 0.05, ""clearance"": 0.3, ""effacement"": 0.8, ""eyeArc"": 160.0, ""eyeHeight"": 1.0, ""eyeLat"": 0.5, ""eyePos"": 0.55, ""eyeProfile"": 4.0, ""eyeShade"": 0.0, ""eyeSize"": 0.0, ""eyeSlope"": 45.0, ""eyeSolid"": 1, ""fulcrum"": 0.55, ""furrowDepth"": 0.5, ""genalCurve"": 10.0, ""genalPath"": ""s**2"", ""genalSpine"": 0.0, ""genalSweep"": 0.3, ""genalTaper"": 2.0, ""genalWidth"": 0.12, ""genalWidthMM"": 0.0, ""glabFront"": 2.5, ""glabInflate"": 1.25, ""glabLobes"": 3, ""glabRise"": 0.06, ""headDomeExp"": 2.2, ""headDomeFill"": 0.82, ""headOutlineExp"": 2.15, ""headProngCenter"": 1.0, ""headProngCurl"": 0.0, ""headProngLen"": 0.6, ""headProngSplay"": 30.0, ""headProngStem"": 0.0, ""headProngWidth"": 0.45, ""headProngs"": 0, ""headRearArc"": 0.0, ""headRearExp"": 2.2, ""headRelief"": 1.0, ""headWall"": 1.0, ""length"": 161.0, ""lensD"": 0.05, ""lensGap"": 0.0, ""lensRise"": 0.3, ""macroAmp"": 0.8, ""macroIndex"": -1, ""marginHeight"": 0.14, ""maxAngle"": 18.0, ""nKnuckles"": 3, ""occipitalSpine"": 0.0, ""overlap"": 0.45, ""pleuralSlope"": 0.74, ""pygFrac"": 0.3, ""pygMarginal"": 0, ""pygMarginalLen"": 0.5, ""pygRings"": 3, ""pygSpine"": 0.0, ""pygSplay"": 14.0, ""pygWidth"": 1.0, ""relief"": 17.1, ""ringArch"": 0.22, ""segCount"": 8, ""spineBase"": 0.0, ""spineGrad"": 0.0, ""spineSweep"": 45.0, ""tailDomeExp"": 2.0, ""tailProngCenter"": 1.0, ""tailProngCurl"": 0.0, ""tailProngLen"": 0.5, ""tailProngSplay"": 30.0, ""tailProngStem"": 0.0, ""tailProngWidth"": 0.45, ""tailProngs"": 0, ""tailRelief"": 1.0, ""tailWall"": 1.0, ""tent"": 1.0, ""termSpine"": 0.0, ""tipSweep"": 0.75, ""tipTaper"": 0.5, ""wall"": 2.0, ""width"": 69.5, ""widthHeadFront"": 0.75, ""widthMaxPos"": 0.2, ""widthTail"": 0.75, ""widthThoraxFront"": 0.93, ""widthThoraxRear"": 0.8}"
19,asaphida,1,7,,,"{""axialSpine"": 0.0, ""axisFrac"": 0.28, ""axisRise"": 0.0, ""axisSigma"": 0.55, ""barrelR"": 2.6, ""bladeCamber"": 0.14, ""bladeChord"": 1.05, ""borderWidth"": 0.1, ""boreDia"": 1.95, ""cephFrac"": 0.3, ""cephParallel"": 0.05, ""clearance"": 0.3, ""effacement"": 0.8, ""eyeArc"": 160.0, ""eyeHeight"": 1.0, ""eyeLat"": 0.5, ""eyePos"": 0.55, ""eyeProfile"": 4.0, ""eyeShade"": 0.0, ""eyeSize"": 0.45, ""eyeSlope"": 45.0, ""eyeSolid"": 1, ""fulcrum"": 0.55, ""furrowDepth"": 0.5, ""genalCurve"": 10.0, ""genalPath"": ""s**2"", ""genalSpine"": 0.0, ""genalSweep"": 0.3, ""genalTaper"": 2.0, ""genalWidth"": 0.12, ""genalWidthMM"": 0.0, ""glabFront"": 2.5, ""glabInflate"": 1.25, ""glabLobes"": 3, ""glabRise"": 0.06, ""headDomeExp"": 2.2, ""headDomeFill"": 0.82, ""headOutlineExp"": 2.15, ""headProngCenter"": 1.0, ""headProngCurl"": 0.0, ""headProngLen"": 0.6, ""headProngSplay"": 30.0, ""headProngStem"": 0.0, ""headProngWidth"": 0.45, ""headProngs"": 0, ""headRearArc"": 0.0, ""headRearExp"": 2.2, ""headRelief"": 1.0, ""headWall"": 1.0, ""length"": 161.0, ""lensD"": 0.05, ""lensGap"": 0.0, ""lensRise"": 0.3, ""macroAmp"": 0.8, ""macroIndex"": -1, ""marginHeight"": 0.14, ""maxAngle"": 18.0, ""nKnuckles"": 3, ""occipitalSpine"": 0.0, ""overlap"": 0.45, ""pleuralSlope"": 0.74, ""pygFrac"": 0.3, ""pygMarginal"": 0, ""pygMarginalLen"": 0.5, ""pygRings"": 3, ""pygSpine"": 0.0, ""pygSplay"": 14.0, ""pygWidth"": 1.0, ""relief"": 17.1, ""ringArch"": 0.22, ""segCount"": 8, ""spineBase"": 0.0, ""spineGrad"": 0.0, ""spineSweep"": 45.0, ""tailDomeExp"": 2.0, ""tailProngCenter"": 1.0, ""tailProngCurl"": 0.0, ""tailProngLen"": 0.5, ""tailProngSplay"": 30.0, ""tailProngStem"": 0.0, ""tailProngWidth"": 0.45, ""tailProngs"": 0, ""tailRelief"": 1.0, ""tailWall"": 1.0, ""tent"": 1.0, ""termSpine"": 0.0, ""tipSweep"": 0.75, ""tipTaper"": 0.5, ""wall"": 2.0, ""width"": 69.5, ""widthHeadFront"": 0.75, ""widthMaxPos"": 0.2, ""widthTail"": 0.75, ""widthThoraxFront"": 0.93, ""widthThoraxRear"": 0.8}"
20,corynexochida,0,7,1.2262,,"{""axialSpine"": 0.0, ""axisFrac"": 0.28, ""axisRise"": 0.0, ""axisSigma"": 0.55, ""barrelR"": 2.6, ""bladeCamber"": 0.14, ""bladeChord"": 0.9, ""borderWidth"": 0.0, ""boreDia"": 1.95, ""cephFrac"": 0.3598055868362638, ""cephParallel"": 0.05, ""clearance"": 0.3, ""effacement"": 0.5, ""eyeArc"": 150.0, ""eyeHeight"": 0.8, ""eyeLat"": 0.0, ""eyePos"": 0.45, ""eyeProfile"": 4.0, ""eyeShade"": 0.0, ""eyeSize"": 0.12, ""eyeSlope"": 15.0, ""eyeSolid"": 0, ""fulcrum"": 0.55, ""furrowDepth"": 0.9, ""genalCurve"": 10.0, ""genalPath"": ""s**2"", ""genalSpine"": 0.30654007776316095, ""genalSweep"": 0.3, ""genalTaper"": 2.0, ""genalWidth"": 0.12, ""genalWidthMM"": 0.0, ""glabFront"": 2.5, ""glabInflate"": 1.7, ""glabLobes"": 0, ""glabRise"": 0.2, ""headDomeExp"": 1.5, ""headDomeFill"": 0.82, ""headOutlineExp"": 2.15, ""headProngCenter"": 1.0, ""headProngCurl"": 0.0, ""headProngLen"": 0.6, ""headProngSplay"": 30.0, ""headProngStem"": 0.0, ""headProngWidth"": 0.45, ""headProngs"": 0, ""headRearArc"": 0.0, ""headRearExp"": 2.2, ""headRelief"": 1.0, ""headWall"": 1.0, ""length"": 161.0, ""lensD"": 0.16, ""lensGap"": 0.3, ""lensRise"": 0.35, ""macroAmp"": 0.8, ""macroIndex"": -1, ""marginHeight"": 0.14, ""maxAngle"": 18.0, ""nKnuckles"": 3, ""occipitalSpine"": 0.0, ""overlap"": 0.7436427329906738, ""pleuralSlope"": 0.74, ""pygFrac"": 0.21705873312005045, ""pygMarginal"": 0, ""pygMarginalLen"": 0.6130801555263219, ""pygRings"": 0, ""pygSpine"": 1.2261603110526438, ""pygSplay"": 14.0, ""pygWidth"": 0.95, ""relief"": 23.31064257920198, ""ringArch"": 0.22, ""segCount"": 10, ""spineBase"": 0.0, ""spineGrad"": 0.0, ""spineSweep"": 45.0, ""tailDomeExp"": 2.0, ""tailProngCenter"": 1.0, ""tailProngCurl"": 0.0, ""tailProngLen"": 0.5, ""tailProngSplay"": 30.0, ""tailProngStem"": 0.0, ""tailProngWidth"": 0.45, ""tailProngs"": 0, ""tailRelief"": 1.0, ""tailWall"": 1.0, ""tent"": 1.0, ""termSpine"": 0.0, ""tipSweep"": 0.75, ""tipTaper"": 0.85, ""wall"": 2.0, ""width"": 69.5, ""widthHeadFront"": 0.75, ""widthMaxPos"": 0.2, ""widthTail"": 0.5, ""widthThoraxFront"": 0.93, ""widthThoraxRear"": 0.7789500029045582}"
21,corynexochida,0,7,0.6028,,"{""axialSpine"": 0.0, ""axisFrac"": 0.28, ""axisRise"": 0.0, ""axisSigma"": 0.55, ""barrelR"": 2.6, ""bladeCamber"": 0.14, ""bladeChord"": 0.9, ""borderWidth"": 0.0, ""boreDia"": 1.95, ""cephFrac"": 0.31374189267630437, ""cephParallel"": 0.05, ""clearance"": 0.3, ""effacement"": 0.5, ""eyeArc"": 150.0, ""eyeHeight"": 0.8, ""eyeLat"": 0.0, ""eyePos"": 0.45, ""eyeProfile"": 4.0, ""eyeShade"": 0.0, ""eyeSize"": 0.12, ""eyeSlope"": 15.0, ""eyeSolid"": 0, ""fulcrum"": 0.55, ""furrowDepth"": 0.9, ""genalCurve"": 10.0, ""genalPath"": ""s**2"", ""genalSpine"": 0.15070583342053562, ""genalSweep"": 0.3, ""genalTaper"": 2.0, ""genalWidth"": 0.12, ""genalWidthMM"": 0.0, ""glabFront"": 2.5, ""glabInflate"": 1.7, ""glabLobes"": 0, ""glabRise"": 0.2, ""headDomeExp"": 1.5, ""headDomeFill"": 0.82, ""headOutlineExp"": 2.15, ""headProngCenter"": 1.0, ""headProngCurl"": 0.0, ""headProngLen"": 0.6, ""headProngSplay"": 30.0, ""headProngStem"": 0.0, ""headProngWidth"": 0.45, ""headProngs"": 0, ""headRearArc"": 0.0, ""headRearExp"": 2.2, ""headRelief"": 1.0, ""headWall"": 1.0, ""length"": 161.0, ""lensD"": 0.16, ""lensGap"": 0.3, ""lensRise"": 0.35, ""macroAmp"": 0.8, ""macroIndex"": -1, ""marginHeight"": 0.14, ""maxAngle"": 18.0, ""nKnuckles"": 3, ""occipitalSpine"": 0.0, ""overlap"": 0.2890627500766975, ""pleuralSlope"": 0.74, ""pygFrac"": 0.3419132077856715, ""pygMarginal"": 0, ""pygMarginalLen"": 0.30141166684107124, ""pygRings"": 0, ""pygSpine"": 0.6028233336821425, ""pygSplay"": 14.0, ""pygWidth"": 0.95, ""relief"": 11.668844186193445, ""ringArch"": 0.22, ""segCount"": 11, ""spineBase"": 0.0, ""spineGrad"": 0.0, ""spineSweep"": 45.0, ""tailDomeExp"": 2.0, ""tailProngCenter"": 1.0, ""tailProngCurl"": 0.0, ""tailProngLen"": 0.5, ""tailProngSplay"": 30.0, ""tailProngStem"": 0.0, ""tailProngWidth"": 0.45, ""tailProngs"": 0, ""tailRelief"": 1.0, ""tailWall"": 1.0, ""tent"": 1.0, ""termSpine"": 0.0, ""tipSweep"": 0.75, ""tipTaper"": 0.85, ""wall"": 2.0, ""width"": 69.5, ""widthHeadFront"": 0.75, ""widthMaxPos"": 0.2, ""widthTail"": 0.5, ""widthThoraxFront"": 0.93, ""widthThoraxRear"": 0.5545778808480241}"
22,corynexochida,0,7,0.4214,,"{""axialSpine"": 0.0, ""axisFrac"": 0.28, ""axisRise"": 0.0, ""axisSigma"": 0.55, ""barrelR"": 2.6, ""bladeCamber"": 0.14, ""bladeChord"": 0.9, ""borderWidth"": 0.0, ""boreDia"": 1.95, ""cephFrac"": 0.25930318530191016, ""cephParallel"": 0.05, ""clearance"": 0.3, ""effacement"": 0.5, ""eyeArc"": 150.0, ""eyeHeight"": 0.8, ""eyeLat"": 0.0, ""eyePos"": 0.45, ""eyeProfile"": 4.0, ""eyeShade"": 0.0, ""eyeSize"": 0.12, ""eyeSlope"": 15.0, ""eyeSolid"": 0, ""fulcrum"": 0.55, ""furrowDepth"": 0.9, ""genalCurve"": 10.0, ""genalPath"": ""s**2"", ""genalSpine"": 0.10534732460703614, ""genalSweep"": 0.3, ""genalTaper"": 2.0, ""genalWidth"": 0.12, ""genalWidthMM"": 0.0, ""glabFront"": 2.5, ""glabInflate"": 1.7, ""glabLobes"": 0, ""glabRise"": 0.2, ""headDomeExp"": 1.5, ""headDomeFill"": 0.82, ""headOutlineExp"": 2.15, ""headProngCenter"": 1.0, ""headProngCurl"": 0.0, ""headProngLen"": 0.6, ""headProngSplay"": 30.0, ""headProngStem"": 0.0, ""headProngWidth"": 0.45, ""headProngs"": 0, ""headRearArc"": 0.0, ""headRearExp"": 2.2, ""headRelief"": 1.0, ""headWall"": 1.0, ""length"": 161.0, ""lensD"": 0.16, ""lensGap"": 0.3, ""lensRise"": 0.35, ""macroAmp"": 0.8, ""macroIndex"": -1, ""marginHeight"": 0.14, ""maxAngle"": 18.0, ""nKnuckles"": 3, ""occipitalSpine"": 0.0, ""overlap"": 0.2425291863789047, ""pleuralSlope"": 0.74, ""pygFrac"": 0.2729353555390379, ""pygMarginal"": 0, ""pygMarginalLen"": 0.21069464921407227, ""pygRings"": 0, ""pygSpine"": 0.42138929842814454, ""pygSplay"": 14.0, ""pygWidth"": 0.95, ""relief"": 13.344006715512862, ""ringArch"": 0.22, ""segCount"": 9, ""spineBase"": 0.0, ""spineGrad"": 0.0, ""spineSweep"": 45.0, ""tailDomeExp"": 2.0, ""tailProngCenter"": 1.0, ""tailProngCurl"": 0.0, ""tailProngLen"": 0.5, ""tailProngSplay"": 30.0, ""tailProngStem"": 0.0, ""tailProngWidth"": 0.45, ""tailProngs"": 0, ""tailRelief"": 1.0, ""tailWall"": 1.0, ""tent"": 1.0, ""termSpine"": 0.0, ""tipSweep"": 0.75, ""tipTaper"": 0.85, ""wall"": 2.0, ""width"": 69.5, ""widthHeadFront"": 0.75, ""widthMaxPos"": 0.2, ""widthTail"": 0.5, ""widthThoraxFront"": 0.93, ""widthThoraxRear"": 0.6435178167036592}"
23,corynexochida,0,7,0.9993,,"{""axialSpine"": 0.0, ""axisFrac"": 0.28, ""axisRise"": 0.0, ""axisSigma"": 0.55, ""barrelR"": 2.6, ""bladeCamber"": 0.14, ""bladeChord"": 0.9, ""borderWidth"": 0.0, ""boreDia"": 1.95, ""cephFrac"": 0.33542388183580063, ""cephParallel"": 0.05, ""clearance"": 0.3, ""effacement"": 0.5, ""eyeArc"": 150.0, ""eyeHeight"": 0.8, ""eyeLat"": 0.0, ""eyePos"": 0.45, ""eyeProfile"": 4.0, ""eyeShade"": 0.0, ""eyeSize"": 0.12, ""eyeSlope"": 15.0, ""eyeSolid"": 0, ""fulcrum"": 0.55, ""furrowDepth"": 0.9, ""genalCurve"": 10.0, ""genalPath"": ""s**2"", ""genalSpine"": 0.24983682577886318, ""genalSweep"": 0.3, ""genalTaper"": 2.0, ""genalWidth"": 0.12, ""genalWidthMM"": 0.0, ""glabFront"": 2.5, ""glabInflate"": 1.7, ""glabLobes"": 0, ""glabRise"": 0.2, ""headDomeExp"": 1.5, ""headDomeFill"": 0.82, ""headOutlineExp"": 2.15, ""headProngCenter"": 1.0, ""headProngCurl"": 0.0, ""headProngLen"": 0.6, ""headProngSplay"": 30.0, ""headProngStem"": 0.0, ""headProngWidth"": 0.45, ""headProngs"": 0, ""headRearArc"": 0.0, ""headRearExp"": 2.2, ""headRelief"": 1.0, ""headWall"": 1.0, ""length"": 161.0, ""lensD"": 0.16, ""lensGap"": 0.3, ""lensRise"": 0.35, ""macroAmp"": 0.8, ""macroIndex"": -1, ""marginHeight"": 0.14, ""maxAngle"": 18.0, ""nKnuckles"": 3, ""occipitalSpine"": 0.0, ""overlap"": 0.35292393807747846, ""pleuralSlope"": 0.74, ""pygFrac"": 0.2354056036831723, ""pygMarginal"": 0, ""pygMarginalLen"": 0.49967365155772636, ""pygRings"": 0, ""pygSpine"": 0.9993473031154527, ""pygSplay"": 14.0, ""pygWidth"": 0.95, ""relief"": 15.94945763556484, ""ringArch"": 0.22, ""segCount"": 9, ""spineBase"": 0.0, ""spineGrad"": 0.0, ""spineSweep"": 45.0, ""tailDomeExp"": 2.0, ""tailProngCenter"": 1.0, ""tailProngCurl"": 0.0, ""tailProngLen"": 0.5, ""tailProngSplay"": 30.0, ""tailProngStem"": 0.0, ""tailProngWidth"": 0.45, ""tailProngs"": 0, ""tailRelief"": 1.0, ""tailWall"": 1.0, ""tent"": 1.0, ""termSpine"": 0.0, ""tipSweep"": 0.75, ""tipTaper"": 0.85, ""wall"": 2.0, ""width"": 69.5, ""widthHeadFront"": 0.75, ""widthMaxPos"": 0.2, ""widthTail"": 0.5, ""widthThoraxFront"": 0.93, ""widthThoraxRear"": 0.449672022123827}"
24,corynexochida,0,7,1.3983,,"{""axialSpine"": 0.0, ""axisFrac"": 0.28, ""axisRise"": 0.0, ""axisSigma"": 0.55, ""barrelR"": 2.6, ""bladeCamber"": 0.14, ""bladeChord"": 0.9, ""borderWidth"": 0.0, ""boreDia"": 1.95, ""cephFrac"": 0.21089294441532747, ""cephParallel"": 0.05, ""clearance"": 0.3, ""effacement"": 0.5, ""eyeArc"": 150.0, ""eyeHeight"": 0.8, ""eyeLat"": 0.0, ""eyePos"": 0.45, ""eyeProfile"": 4.0, ""eyeShade"": 0.0, ""eyeSize"": 0.12, ""eyeSlope"": 15.0, ""eyeSolid"": 0, ""fulcrum"": 0.55, ""furrowDepth"": 0.9, ""genalCurve"": 10.0, ""genalPath"": ""s**2"", ""genalSpine"": 0.34956682960022895, ""genalSweep"": 0.3, ""genalTaper"": 2.0, ""genalWidth"": 0.12, ""genalWidthMM"": 0.0, ""glabFront"": 2.5, ""glabInflate"": 1.7, ""glabLobes"": 0, ""glabRise"": 0.2, ""headDomeExp"": 1.5, ""headDomeFill"": 0.82, ""headOutlineExp"": 2.15, ""headProngCenter"": 1.0, ""headProngCurl"": 0.0, ""headProngLen"": 0.6, ""headProngSplay"": 30.0, ""headProngStem"": 0.0, ""headProngWidth"": 0.45, ""headProngs"": 0, ""headRearArc"": 0.0, ""headRearExp"": 2.2, ""headRelief"": 1.0, ""headWall"": 1.0, ""length"": 161.0, ""lensD"": 0.16, ""lensGap"": 0.3, ""lensRise"": 0.35, ""macroAmp"": 0.8, ""macroIndex"": -1, ""marginHeight"": 0.14, ""maxAngle"": 18.0, ""nKnuckles"": 3, ""occipitalSpine"": 0.0, ""overlap"": 0.619279090087614, ""pleuralSlope"": 0.74, ""pygFrac"": 0.38475433102660844, ""pygMarginal"": 0, ""pygMarginalLen"": 0.6991336592004579, ""pygRings"": 0, ""pygSpine"": 1.3982673184009158, ""pygSplay"": 14.0, ""pygWidth"": 0.95, ""relief"": 18.334700939304405, ""ringArch"": 0.22, ""segCount"": 8, ""spineBase"": 0.0, ""spineGrad"": 0.0, ""spineSweep"": 45.0, ""tailDomeExp"": 2.0, ""tailProngCenter"": 1.0, ""tailProngCurl"": 0.0, ""tailProngLen"": 0.5, ""tailProngSplay"": 30.0, ""tailProngStem"": 0.0, ""tailProngWidth"": 0.45, ""tailProngs"": 0, ""tailRelief"": 1.0, ""tailWall"": 1.0, ""tent"": 1.0, ""termSpine"": 0.0, ""tipSweep"": 0.75, ""tipTaper"": 0.85, ""wall"": 2.0, ""width"": 69.5, ""widthHeadFront"": 0.75, ""widthMaxPos"": 0.2, ""widthTail"": 0.5, ""widthThoraxFront"": 0.93, ""widthThoraxRear"": 0.8343036230976357}"
25,corynexochida,0,7,0.0153,"pygMarginalLen: 0.007643574403366257 clamped to [0.1, 1.5]","{""axialSpine"": 0.0, ""axisFrac"": 0.28, ""axisRise"": 0.0, ""axisSigma"": 0.55, ""barrelR"": 2.6, ""bladeCamber"": 0.14, ""bladeChord"": 0.9, ""borderWidth"": 0.0, ""boreDia"": 1.95, ""cephFrac"": 0.38553744911456717, ""cephParallel"": 0.05, ""clearance"": 0.3, ""effacement"": 0.5, ""eyeArc"": 150.0, ""eyeHeight"": 0.8, ""eyeLat"": 0.0, ""eyePos"": 0.45, ""eyeProfile"": 4.0, ""eyeShade"": 0.0, ""eyeSize"": 0.12, ""eyeSlope"": 15.0, ""eyeSolid"": 0, ""fulcrum"": 0.55, ""furrowDepth"": 0.9, ""genalCurve"": 10.0, ""genalPath"": ""s**2"", ""genalSpine"": 0.0038217872016831286, ""genalSweep"": 0.3, ""genalTaper"": 2.0, ""genalWidth"": 0.12, ""genalWidthMM"": 0.0, ""glabFront"": 2.5, ""glabInflate"": 1.7, ""glabLobes"": 0, ""glabRise"": 0.2, ""headDomeExp"": 1.5, ""headDomeFill"": 0.82, ""headOutlineExp"": 2.15, ""headProngCenter"": 1.0, ""headProngCurl"": 0.0, ""headProngLen"": 0.6, ""headProngSplay"": 30.0, ""headProngStem"": 0.0, ""headProngWidth"": 0.45, ""headProngs"": 0, ""headRearArc"": 0.0, ""headRearExp"": 2.2, ""headRelief"": 1.0, ""headWall"": 1.0, ""length"": 161.0, ""lensD"": 0.16, ""lensGap"": 0.3, ""lensRise"": 0.35, ""macroAmp"": 0.8, ""macroIndex"": -1, ""marginHeight"": 0.14, ""maxAngle"": 18.0, ""nKnuckles"": 3, ""occipitalSpine"": 0.0, ""overlap"": 0.5124508364785414, ""pleuralSlope"": 0.74, ""pygFrac"": 0.2973589661977932, ""pygMarginal"": 0, ""pygMarginalLen"": 0.1, ""pygRings"": 0, ""pygSpine"": 0.015287148806732515, ""pygSplay"": 14.0, ""pygWidth"": 0.95, ""relief"": 15.163037492748728, ""ringArch"": 0.22, ""segCount"": 7, ""spineBase"": 0.0, ""spineGrad"": 0.0, ""spineSweep"": 45.0, ""tailDomeExp"": 2.0, ""tailProngCenter"": 1.0, ""tailProngCurl"": 0.0, ""tailProngLen"": 0.5, ""tailProngSplay"": 30.0, ""tailProngStem"": 0.0, ""tailProngWidth"": 0.45, ""tailProngs"": 0, ""tailRelief"": 1.0, ""tailWall"": 1.0, ""tent"": 1.0, ""termSpine"": 0.0, ""tipSweep"": 0.75, ""tipTaper"": 0.85, ""wall"": 2.0, ""width"": 69.5, ""widthHeadFront"": 0.75, ""widthMaxPos"": 0.2, ""widthTail"": 0.5, ""widthThoraxFront"": 0.93, ""widthThoraxRear"": 0.4127491226227855}"
26,corynexochida,0,7,0.8911,,"{""axialSpine"": 0.0, ""axisFrac"": 0.28, ""axisRise"": 0.0, ""axisSigma"": 0.55, ""barrelR"": 2.6, ""bladeCamber"": 0.14, ""bladeChord"": 0.9, ""borderWidth"": 0.0, ""boreDia"": 1.95, ""cephFrac"": 0.25410159563308893, ""cephParallel"": 0.05, ""clearance"": 0.3, ""effacement"": 0.5, ""eyeArc"": 150.0, ""eyeHeight"": 0.8, ""eyeLat"": 0.0, ""eyePos"": 0.45, ""eyeProfile"": 4.0, ""eyeShade"": 0.0, ""eyeSize"": 0.12, ""eyeSlope"": 15.0, ""eyeSolid"": 0, ""fulcrum"": 0.55, ""furrowDepth"": 0.9, ""genalCurve"": 10.0, ""genalPath"": ""s**2"", ""genalSpine"": 0.2227843188922034, ""genalSweep"": 0.3, ""genalTaper"": 2.0, ""genalWidth"": 0.12, ""genalWidthMM"": 0.0, ""glabFront"": 2.5, ""glabInflate"": 1.7, ""glabLobes"": 0, ""glabRise"": 0.2, ""headDomeExp"": 1.5, ""headDomeFill"": 0.82, ""headOutlineExp"": 2.15, ""headProngCenter"": 1.0, ""headProngCurl"": 0.0, ""headProngLen"": 0.6, ""headProngSplay"": 30.0, ""headProngStem"": 0.0, ""headProngWidth"": 0.45, ""headProngs"": 0, ""headRearArc"": 0.0, ""headRearExp"": 2.2, ""headRelief"": 1.0, ""headWall"": 1.0, ""length"": 161.0, ""lensD"": 0.16, ""lensGap"": 0.3, ""lensRise"": 0.35, ""macroAmp"": 0.8, ""macroIndex"": -1, ""marginHeight"": 0.14, ""maxAngle"": 18.0, ""nKnuckles"": 3, ""occipitalSpine"": 0.0, ""overlap"": 0.7008405281425483, ""pleuralSlope"": 0.74, ""pygFrac"": 0.3494388578212143, ""pygMarginal"": 0, ""pygMarginalLen"": 0.4455686377844068, ""pygRings"": 0, ""pygSpine"": 0.8911372755688136, ""pygSplay"": 14.0, ""pygWidth"": 0.95, ""relief"": 22.046940666506252, ""ringArch"": 0.22, ""segCount"": 5, ""spineBase"": 0.0, ""spineGrad"": 0.0, ""spineSweep"": 45.0, ""tailDomeExp"": 2.0, ""tailProngCenter"": 1.0, ""tailProngCurl"": 0.0, ""tailProngLen"": 0.5, ""tailProngSplay"": 30.0, ""tailProngStem"": 0.0, ""tailProngWidth"": 0.45, ""tailProngs"": 0, ""tailRelief"": 1.0, ""tailWall"": 1.0, ""tent"": 1.0, ""termSpine"": 0.0, ""tipSweep"": 0.75, ""tipTaper"": 0.85, ""wall"": 2.0, ""width"": 69.5, ""widthHeadFront"": 0.75, ""widthMaxPos"": 0.2, ""widthTail"": 0.5, ""widthThoraxFront"": 0.93, ""widthThoraxRear"": 0.5642681360069888}"
27,corynexochida,0,7,0.2961,,"{""axialSpine"": 0.0, ""axisFrac"": 0.28, ""axisRise"": 0.0, ""axisSigma"": 0.55, ""barrelR"": 2.6, ""bladeCamber"": 0.14, ""bladeChord"": 0.9, ""borderWidth"": 0.0, ""boreDia"": 1.95, ""cephFrac"": 0.29671520410519153, ""cephParallel"": 0.05, ""clearance"": 0.3, ""effacement"": 0.5, ""eyeArc"": 150.0, ""eyeHeight"": 0.8, ""eyeLat"": 0.0, ""eyePos"": 0.45, ""eyeProfile"": 4.0, ""eyeShade"": 0.0, ""eyeSize"": 0.12, ""eyeSlope"": 15.0, ""eyeSolid"": 0, ""fulcrum"": 0.55, ""furrowDepth"": 0.9, ""genalCurve"": 10.0, ""genalPath"": ""s**2"", ""genalSpine"": 0.0740181831763713, ""genalSweep"": 0.3, ""genalTaper"": 2.0, ""genalWidth"": 0.12, ""genalWidthMM"": 0.0, ""glabFront"": 2.5, ""glabInflate"": 1.7, ""glabLobes"": 0, ""glabRise"": 0.2, ""headDomeExp"": 1.5, ""headDomeFill"": 0.82, ""headOutlineExp"": 2.15, ""headProngCenter"": 1.0, ""headProngCurl"": 0.0, ""headProngLen"": 0.6, ""headProngSplay"": 30.0, ""headProngStem"": 0.0, ""headProngWidth"": 0.45, ""headProngs"": 0, ""headRearArc"": 0.0, ""headRearExp"": 2.2, ""headRelief"": 1.0, ""headWall"": 1.0, ""length"": 161.0, ""lensD"": 0.16, ""lensGap"": 0.3, ""lensRise"": 0.35, ""macroAmp"": 0.8, ""macroIndex"": -1, ""marginHeight"": 0.14, ""maxAngle"": 18.0, ""nKnuckles"": 3, ""occipitalSpine"": 0.0, ""overlap"": 0.42658065158329184, ""pleuralSlope"": 0.74, ""pygFrac"": 0.31290692653871677, ""pygMarginal"": 0, ""pygMarginalLen"": 0.1480363663527426, ""pygRings"": 0, ""pygSpine"": 0.2960727327054852, ""pygSplay"": 14.0, ""pygWidth"": 0.95, ""relief"": 19.08618607907937, ""ringArch"": 0.22, ""segCount"": 6, ""spineBase"": 0.0, ""spineGrad"": 0.0, ""spineSweep"": 45.0, ""tailDomeExp"": 2.0, ""tailProngCenter"": 1.0, ""tailProngCurl"": 0.0, ""tailProngLen"": 0.5, ""tailProngSplay"": 30.0, ""tailProngStem"": 0.0, ""tailProngWidth"": 0.45, ""tailProngs"": 0, ""tailRelief"": 1.0, ""tailWall"": 1.0, ""tent"": 1.0, ""termSpine"": 0.0, ""tipSweep"": 0.75, ""tipTaper"": 0.85, ""wall"": 2.0, ""width"": 69.5, ""widthHeadFront"": 0.75, ""widthMaxPos"": 0.2, ""widthTail"": 0.5, ""widthThoraxFront"": 0.93, ""widthThoraxRear"": 0.7055962553370335}"
28,corynexochida,1,7,,,"{""axialSpine"": 0.0, ""axisFrac"": 0.28, ""axisRise"": 0.0, ""axisSigma"": 0.55, ""barrelR"": 2.6, ""bladeCamber"": 0.14, ""bladeChord"": 0.9, ""borderWidth"": 0.0, ""boreDia"": 1.95, ""cephFrac"": 0.3, ""cephParallel"": 0.05, ""clearance"": 0.3, ""effacement"": 0.5, ""eyeArc"": 150.0, ""eyeHeight"": 0.8, ""eyeLat"": 0.0, ""eyePos"": 0.45, ""eyeProfile"": 4.0, ""eyeShade"": 0.0, ""eyeSize"": 0.0, ""eyeSlope"": 15.0, ""eyeSolid"": 0, ""fulcrum"": 0.55, ""furrowDepth"": 0.9, ""genalCurve"": 10.0, ""genalPath"": ""s**2"", ""genalSpine"": 0.25, ""genalSweep"": 0.3, ""genalTaper"": 2.0, ""genalWidth"": 0.12, ""genalWidthMM"": 0.0, ""glabFront"": 2.5, ""glabInflate"": 1.7, ""glabLobes"": 0, ""glabRise"": 0.2, ""headDomeExp"": 1.5, ""headDomeFill"": 0.82, ""headOutlineExp"": 2.15, ""headProngCenter"": 1.0, ""headProngCurl"": 0.0, ""headProngLen"": 0.6, ""headProngSplay"": 30.0, ""headProngStem"": 0.0, ""headProngWidth"": 0.45, ""headProngs"": 0, ""headRearArc"": 0.0, ""headRearExp"": 2.2, ""headRelief"": 1.0, ""headWall"": 1.0, ""length"": 161.0, ""lensD"": 0.16, ""lensGap"": 0.3, ""lensRise"": 0.35, ""macroAmp"": 0.8, ""macroIndex"": -1, ""marginHeight"": 0.14, ""maxAngle"": 18.0, ""nKnuckles"": 3, ""occipitalSpine"": 0.0, ""overlap"": 0.45, ""pleuralSlope"": 0.74, ""pygFrac"": 0.3, ""pygMarginal"": 0, ""pygMarginalLen"": 0.5, ""pygRings"": 0, ""pygSpine"": 1.0, ""pygSplay"": 14.0, ""pygWidth"": 0.95, ""relief"": 17.1, ""ringArch"": 0.22, ""segCount"": 8, ""spineBase"": 0.0, ""spineGrad"": 0.0, ""spineSweep"": 45.0, ""tailDomeExp"": 2.0, ""tailProngCenter"": 1.0, ""tailProngCurl"": 0.0, ""tailProngLen"": 0.5, ""tailProngSplay"": 30.0, ""tailProngStem"": 0.0, ""tailProngWidth"": 0.45, ""tailProngs"": 0, ""tailRelief"": 1.0, ""tailWall"": 1.0, ""tent"": 1.0, ""termSpine"": 0.0, ""tipSweep"": 0.75, ""tipTaper"": 0.85, ""wall"": 2.0, ""width"": 69.5, ""widthHeadFront"": 0.75, ""widthMaxPos"": 0.2, ""widthTail"": 0.5, ""widthThoraxFront"": 0.93, ""widthThoraxRear"": 0.62}"
29,corynexochida,1,7,,,"{""axialSpine"": 0.0, ""axisFrac"": 0.28, ""axisRise"": 0.0, ""axisSigma"": 0.55, ""barrelR"": 2.6, ""bladeCamber"": 0.14, ""bladeChord"": 0.9, ""borderWidth"": 0.0, ""boreDia"": 1.95, ""cephFrac"": 0.3, ""cephParallel"": 0.05, ""clearance"": 0.3, ""effacement"": 0.5, ""eyeArc"": 150.0, ""eyeHeight"": 0.8, ""eyeLat"": 0.0, ""eyePos"": 0.45, ""eyeProfile"": 4.0, ""eyeShade"": 0.0, ""eyeSize"": 0.45, ""eyeSlope"": 15.0, ""eyeSolid"": 0, ""fulcrum"": 0.55, ""furrowDepth"": 0.9, ""genalCurve"": 10.0, ""genalPath"": ""s**2"", ""genalSpine"": 0.25, ""genalSweep"": 0.3, ""genalTaper"": 2.0, ""genalWidth"": 0.12, ""genalWidthMM"": 0.0, ""glabFront"": 2.5, ""glabInflate"": 1.7, ""glabLobes"": 0, ""glabRise"": 0.2, ""headDomeExp"": 1.5, ""headDomeFill"": 0.82, ""headOutlineExp"": 2.15, ""headProngCenter"": 1.0, ""headProngCurl"": 0.0, ""headProngLen"": 0.6, ""headProngSplay"": 30.0, ""headProngStem"": 0.0, ""headProngWidth"": 0.45, ""headProngs"": 0, ""headRearArc"": 0.0, ""headRearExp"": 2.2, ""headRelief"": 1.0, ""headWall"": 1.0, ""length"": 161.0, ""lensD"": 0.16, ""lensGap"": 0.3, ""lensRise"": 0.35, ""macroAmp"": 0.8, ""macroIndex"": -1, ""marginHeight"": 0.14, ""maxAngle"": 18.0, ""nKnuckles"": 3, ""occipitalSpine"": 0.0, ""overlap"": 0.45, ""pleuralSlope"": 0.74, ""pygFrac"": 0.3, ""pygMarginal"": 0, ""pygMarginalLen"": 0.5, ""pygRings"": 0, ""pygSpine"": 1.0, ""pygSplay"": 14.0, ""pygWidth"": 0.95, ""relief"": 17.1, ""ringArch"": 0.22, ""segCount"": 8, ""spineBase"": 0.0, ""spineGrad"": 0.0, ""spineSweep"": 45.0, ""tailDomeExp"": 2.0, ""tailProngCenter"": 1.0, ""tailProngCurl"": 0.0, ""tailProngLen"": 0.5, ""tailProngSplay"": 30.0, ""tailProngStem"": 0.0, ""tailProngWidth"": 0.45, ""tailProngs"": 0, ""tailRelief"": 1.0, ""tailWall"": 1.0, ""tent"": 1.0, ""termSpine"": 0.0, ""tipSweep"": 0.75, ""tipTaper"": 0.85, ""wall"": 2.0, ""width"": 69.5, ""widthHeadFront"": 0.75, ""widthMaxPos"": 0.2, ""widthTail"": 0.5, ""widthThoraxFront"": 0.93, ""widthThoraxRear"": 0.62}"
30,harpetida,0,7,1.2692,"genalSpine: 1.523049972791994 clamped to [0.0, 1.5]","{""axialSpine"": 0.0, ""axisFrac"": 0.28, ""axisRise"": 0.0, ""axisSigma"": 0.55, ""barrelR"": 2.6, ""bladeCamber"": 0.14, ""bladeChord"": 0.9, ""borderWidth"": 0.0, ""boreDia"": 1.95, ""cephFrac"": 0.31757244423128445, ""cephParallel"": 0.02, ""clearance"": 0.3, ""effacement"": 0.0, ""eyeArc"": 150.0, ""eyeHeight"": 1.0, ""eyeLat"": 0.0, ""eyePos"": 0.45, ""eyeProfile"": 4.0, ""eyeShade"": 0.0, ""eyeSize"": 0.05, ""eyeSlope"": 15.0, ""eyeSolid"": 0, ""fulcrum"": 0.55, ""furrowDepth"": 1.2, ""genalCurve"": 2.0, ""genalPath"": ""s**2"", ""genalSpine"": 1.5, ""genalSweep"": 0.05, ""genalTaper"": 0.6, ""genalWidth"": 0.3, ""genalWidthMM"": 5.0, ""glabFront"": 2.5, ""glabInflate"": 1.35, ""glabLobes"": 3, ""glabRise"": 0.12, ""headDomeExp"": 1.42, ""headDomeFill"": 0.61, ""headOutlineExp"": 1.89, ""headProngCenter"": 1.0, ""headProngCurl"": 0.0, ""headProngLen"": 0.6, ""headProngSplay"": 30.0, ""headProngStem"": 0.0, ""headProngWidth"": 0.45, ""headProngs"": 0, ""headRearArc"": 0.12, ""headRearExp"": 2.0, ""headRelief"": 1.0, ""headWall"": 1.0, ""length"": 151.0, ""lensD"": 0.16, ""lensGap"": 0.3, ""lensRise"": 0.35, ""macroAmp"": 0.8, ""macroIndex"": -1, ""marginHeight"": 0.33, ""maxAngle"": 18.0, ""nKnuckles"": 3, ""occipitalSpine"": 0.0, ""overlap"": 0.4322605781627351, ""pleuralSlope"": 0.74, ""pygFrac"": 0.11230921832957362, ""pygMarginal"": 0, ""pygMarginalLen"": 0.6346041553299975, ""pygRings"": 2, ""pygSpine"": 0.0, ""pygSplay"": 16.0, ""pygWidth"": 0.82, ""relief"": 16.624004773668624, ""ringArch"": 0.22, ""segCount"": 11, ""spineBase"": 0.0, ""spineGrad"": 0.0, ""spineSweep"": 45.0, ""tailDomeExp"": 2.0, ""tailProngCenter"": 1.0, ""tailProngCurl"": 0.0, ""tailProngLen"": 0.5, ""tailProngSplay"": 30.0, ""tailProngStem"": 0.0, ""tailProngWidth"": 0.45, ""tailProngs"": 0, ""tailRelief"": 1.0, ""tailWall"": 1.0, ""tent"": 1.0, ""termSpine"": 0.0, ""tipSweep"": 0.75, ""tipTaper"": 0.7, ""wall"": 2.0, ""width"": 72.0, ""widthHeadFront"": 0.75, ""widthMaxPos"": 0.12, ""widthTail"": 0.3, ""widthThoraxFront"": 0.6, ""widthThoraxRear"": 0.5006640216898471}"
31,harpetida,0,7,0.5752,"widthThoraxRear: 0.2571820193996581 clamped to [0.3, 1.0]","{""axialSpine"": 0.0, ""axisFrac"": 0.28, ""axisRise"": 0.0, ""axisSigma"": 0.55, ""barrelR"": 2.6, ""bladeCamber"": 0.14, ""bladeChord"": 0.9, ""borderWidth"": 0.0, ""boreDia"": 1.95, ""cephFrac"": 0.44824248201891415, ""cephParallel"": 0.02, ""clearance"": 0.3, ""effacement"": 0.0, ""eyeArc"": 150.0, ""eyeHeight"": 1.0, ""eyeLat"": 0.0, ""eyePos"": 0.45, ""eyeProfile"": 4.0, ""eyeShade"": 0.0, ""eyeSize"": 0.05, ""eyeSlope"": 15.0, ""eyeSolid"": 0, ""fulcrum"": 0.55, ""furrowDepth"": 1.2, ""genalCurve"": 2.0, ""genalPath"": ""s**2"", ""genalSpine"": 0.6902107931866637, ""genalSweep"": 0.05, ""genalTaper"": 0.6, ""genalWidth"": 0.3, ""genalWidthMM"": 5.0, ""glabFront"": 2.5, ""glabInflate"": 1.35, ""glabLobes"": 3, ""glabRise"": 0.12, ""headDomeExp"": 1.42, ""headDomeFill"": 0.61, ""headOutlineExp"": 1.89, ""headProngCenter"": 1.0, ""headProngCurl"": 0.0, ""headProngLen"": 0.6, ""headProngSplay"": 30.0, ""headProngStem"": 0.0, ""headProngWidth"": 0.45, ""headProngs"": 0, ""headRearArc"": 0.12, ""headRearExp"": 2.0, ""headRelief"": 1.0, ""headWall"": 1.0, ""length"": 151.0, ""lensD"": 0.16, ""lensGap"": 0.3, ""lensRise"": 0.35, ""macroAmp"": 0.8, ""macroIndex"": -1, ""marginHeight"": 0.33, ""maxAngle"": 18.0, ""nKnuckles"": 3, ""occipitalSpine"": 0.0, ""overlap"": 0.2545493582553908, ""pleuralSlope"": 0.74, ""pygFrac"": 0.10138334231834933, ""pygMarginal"": 0, ""pygMarginalLen"": 0.2875878304944432, ""pygRings"": 2, ""pygSpine"": 0.0, ""pygSplay"": 16.0, ""pygWidth"": 0.82, ""relief"": 10.912298086671257, ""ringArch"": 0.22, ""segCount"": 7, ""spineBase"": 0.0, ""spineGrad"": 0.0, ""spineSweep"": 45.0, ""tailDomeExp"": 2.0, ""tailProngCenter"": 1.0, ""tailProngCurl"": 0.0, ""tailProngLen"": 0.5, ""tailProngSplay"": 30.0, ""tailProngStem"": 0.0, ""tailProngWidth"": 0.45, ""tailProngs"": 0, ""tailRelief"": 1.0, ""tailWall"": 1.0, ""tent"": 1.0, ""termSpine"": 0.0, ""tipSweep"": 0.75, ""tipTaper"": 0.7, ""wall"": 2.0, ""width"": 72.0, ""widthHeadFront"": 0.75, ""widthMaxPos"": 0.12, ""widthTail"": 0.3, ""widthThoraxFront"": 0.6, ""widthThoraxRear"": 0.3}"
32,harpetida,0,7,0.4638,"cephFrac: 0.5184608578023263 clamped to [0.18, 0.45]","{""axialSpine"": 0.0, ""axisFrac"": 0.28, ""axisRise"": 0.0, ""axisSigma"": 0.55, ""barrelR"": 2.6, ""bladeCamber"": 0.14, ""bladeChord"": 0.9, ""borderWidth"": 0.0, ""boreDia"": 1.95, ""cephFrac"": 0.45, ""cephParallel"": 0.02, ""clearance"": 0.3, ""effacement"": 0.0, ""eyeArc"": 150.0, ""eyeHeight"": 1.0, ""eyeLat"": 0.0, ""eyePos"": 0.45, ""eyeProfile"": 4.0, ""eyeShade"": 0.0, ""eyeSize"": 0.05, ""eyeSlope"": 15.0, ""eyeSolid"": 0, ""fulcrum"": 0.55, ""furrowDepth"": 1.2, ""genalCurve"": 2.0, ""genalPath"": ""s**2"", ""genalSpine"": 0.5565155822453621, ""genalSweep"": 0.05, ""genalTaper"": 0.6, ""genalWidth"": 0.3, ""genalWidthMM"": 5.0, ""glabFront"": 2.5, ""glabInflate"": 1.35, ""glabLobes"": 3, ""glabRise"": 0.12, ""headDomeExp"": 1.42, ""headDomeFill"": 0.61, ""headOutlineExp"": 1.89, ""headProngCenter"": 1.0, ""headProngCurl"": 0.0, ""headProngLen"": 0.6, ""headProngSplay"": 30.0, ""headProngStem"": 0.0, ""headProngWidth"": 0.45, ""headProngs"": 0, ""headRearArc"": 0.12, ""headRearExp"": 2.0, ""headRelief"": 1.0, ""headWall"": 1.0, ""length"": 151.0, ""lensD"": 0.16, ""lensGap"": 0.3, ""lensRise"": 0.35, ""macroAmp"": 0.8, ""macroIndex"": -1, ""marginHeight"": 0.33, ""maxAngle"": 18.0, ""nKnuckles"": 3, ""occipitalSpine"": 0.0, ""overlap"": 0.7832355143048937, ""pleuralSlope"": 0.74, ""pygFrac"": 0.12819620848960606, ""pygMarginal"": 0, ""pygMarginalLen"": 0.23188149260223423, ""pygRings"": 2, ""pygSpine"": 0.0, ""pygSplay"": 16.0, ""pygWidth"": 0.82, ""relief"": 13.390395551534507, ""ringArch"": 0.22, ""segCount"": 8, ""spineBase"": 0.0, ""spineGrad"": 0.0, ""spineSweep"": 45.0, ""tailDomeExp"": 2.0, ""tailProngCenter"": 1.0, ""tailProngCurl"": 0.0, ""tailProngLen"": 0.5, ""tailProngSplay"": 30.0, ""tailProngStem"": 0.0, ""tailProngWidth"": 0.45, ""tailProngs"": 0, ""tailRelief"": 1.0, ""tailWall"": 1.0, ""tent"": 1.0, ""termSpine"": 0.0, ""tipSweep"": 0.75, ""tipTaper"": 0.7, ""wall"": 2.0, ""width"": 72.0, ""widthHeadFront"": 0.75, ""widthMaxPos"": 0.12, ""widthTail"": 0.3, ""widthThoraxFront"": 0.6, ""widthThoraxRear"": 0.5078560163523675}"
33,harpetida,0,7,0.9436,,"{""axialSpine"": 0.0, ""axisFrac"": 0.28, ""axisRise"": 0.0, ""axisSigma"": 0.55, ""barrelR"": 2.6, ""bladeCamber"": 0.14, ""bladeChord"": 0.9, ""borderWidth"": 0.0, ""boreDia"": 1.95, ""cephFrac"": 0.3313045117052946, ""cephParallel"": 0.02, ""clearance"": 0.3, ""effacement"": 0.0, ""eyeArc"": 150.0, ""eyeHeight"": 1.0, ""eyeLat"": 0.0, ""eyePos"": 0.45, ""eyeProfile"": 4.0, ""eyeShade"": 0.0, ""eyeSize"": 0.05, ""eyeSlope"": 15.0, ""eyeSolid"": 0, ""fulcrum"": 0.55, ""furrowDepth"": 1.2, ""genalCurve"": 2.0, ""genalPath"": ""s**2"", ""genalSpine"": 1.1323256234951682, ""genalSweep"": 0.05, ""genalTaper"": 0.6, ""genalWidth"": 0.3, ""genalWidthMM"": 5.0, ""glabFront"": 2.5, ""glabInflate"": 1.35, ""glabLobes"": 3, ""glabRise"": 0.12, ""headDomeExp"": 1.42, ""headDomeFill"": 0.61, ""headOutlineExp"": 1.89, ""headProngCenter"": 1.0, ""headProngCurl"": 0.0, ""headProngLen"": 0.6, ""headProngSplay"": 30.0, ""headProngStem"": 0.0, ""headProngWidth"": 0.45, ""headProngs"": 0, ""headRearArc"": 0.12, ""headRearExp"": 2.0, ""headRelief"": 1.0, ""headWall"": 1.0, ""length"": 151.0, ""lensD"": 0.16, ""lensGap"": 0.3, ""lensRise"": 0.35, ""macroAmp"": 0.8, ""macroIndex"": -1, ""marginHeight"": 0.33, ""maxAngle"": 18.0, ""nKnuckles"": 3, ""occipitalSpine"": 0.0, ""overlap"": 0.63693250862766, ""pleuralSlope"": 0.74, ""pygFrac"": 0.08318267998388791, ""pygMarginal"": 0, ""pygMarginalLen"": 0.4718023431229868, ""pygRings"": 2, ""pygSpine"": 0.0, ""pygSplay"": 16.0, ""pygWidth"": 0.82, ""relief"": 22.092282322182214, ""ringArch"": 0.22, ""segCount"": 8, ""spineBase"": 0.0, ""spineGrad"": 0.0, ""spineSweep"": 45.0, ""tailDomeExp"": 2.0, ""tailProngCenter"": 1.0, ""tailProngCurl"": 0.0, ""tailProngLen"": 0.5, ""tailProngSplay"": 30.0, ""tailProngStem"": 0.0, ""tailProngWidth"": 0.45, ""tailProngs"": 0, ""tailRelief"": 1.0, ""tailWall"": 1.0, ""tent"": 1.0, ""termSpine"": 0.0, ""tipSweep"": 0.75, ""tipTaper"": 0.7, ""wall"": 2.0, ""width"": 72.0, ""widthHeadFront"": 0.75, ""widthMaxPos"": 0.12, ""widthTail"": 0.3, ""widthThoraxFront"": 0.6, ""widthThoraxRear"": 0.5874906064375544}"
34,harpetida,0,7,0.8088,"cephFrac: 0.5081854145987266 clamped to [0.18, 0.45];widthThoraxRear: 0.2989037723742667 clamped to [0.3, 1.0]","{""axialSpine"": 0.0, ""axisFrac"": 0.28, ""axisRise"": 0.0, ""axisSigma"": 0.55, ""barrelR"": 2.6, ""bladeCamber"": 0.14, ""bladeChord"": 0.9, ""borderWidth"": 0.0, ""boreDia"": 1.95, ""cephFrac"": 0.45, ""cephParallel"": 0.02, ""clearance"": 0.3, ""effacement"": 0.0, ""eyeArc"": 150.0, ""eyeHeight"": 1.0, ""eyeLat"": 0.0, ""eyePos"": 0.45, ""eyeProfile"": 4.0, ""eyeShade"": 0.0, ""eyeSize"": 0.05, ""eyeSlope"": 15.0, ""eyeSolid"": 0, ""fulcrum"": 0.55, ""furrowDepth"": 1.2, ""genalCurve"": 2.0, ""genalPath"": ""s**2"", ""genalSpine"": 0.970607408939348, ""genalSweep"": 0.05, ""genalTaper"": 0.6, ""genalWidth"": 0.3, ""genalWidthMM"": 5.0, ""glabFront"": 2.5, ""glabInflate"": 1.35, ""glabLobes"": 3, ""glabRise"": 0.12, ""headDomeExp"": 1.42, ""headDomeFill"": 0.61, ""headOutlineExp"": 1.89, ""headProngCenter"": 1.0, ""headProngCurl"": 0.0, ""headProngLen"": 0.6, ""headProngSplay"": 30.0, ""headProngStem"": 0.0, ""headProngWidth"": 0.45, ""headProngs"": 0, ""headRearArc"": 0.12, ""headRearExp"": 2.0, ""headRelief"": 1.0, ""headWall"": 1.0, ""length"": 151.0, ""lensD"": 0.16, ""lensGap"": 0.3, ""lensRise"": 0.35, ""macroAmp"": 0.8, ""macroIndex"": -1, ""marginHeight"": 0.33, ""maxAngle"": 18.0, ""nKnuckles"": 3, ""occipitalSpine"": 0.0, ""overlap"": 0.7005650742826408, ""pleuralSlope"": 0.74, ""pygFrac"": 0.0904097141022604, ""pygMarginal"": 0, ""pygMarginalLen"": 0.4044197537247284, ""pygRings"": 2, ""pygSpine"": 0.0, ""pygSplay"": 16.0, ""pygWidth"": 0.82, ""relief"": 19.4725092284012, ""ringArch"": 0.22, ""segCount"": 10, ""spineBase"": 0.0, ""spineGrad"": 0.0, ""spineSweep"": 45.0, ""tailDomeExp"": 2.0, ""tailProngCenter"": 1.0, ""tailProngCurl"": 0.0, ""tailProngLen"": 0.5, ""tailProngSplay"": 30.0, ""tailProngStem"": 0.0, ""tailProngWidth"": 0.45, ""tailProngs"": 0, ""tailRelief"": 1.0, ""tailWall"": 1.0, ""tent"": 1.0, ""termSpine"": 0.0, ""tipSweep"": 0.75, ""tipTaper"": 0.7, ""wall"": 2.0, ""width"": 72.0, ""widthHeadFront"": 0.75, ""widthMaxPos"": 0.12, ""widthTail"": 0.3, ""widthThoraxFront"": 0.6, ""widthThoraxRear"": 0.3}"
35,harpetida,0,7,1.371,"genalSpine: 1.6452519016893814 clamped to [0.0, 1.5]","{""axialSpine"": 0.0, ""axisFrac"": 0.28, ""axisRise"": 0.0, ""axisSigma"": 0.55, ""barrelR"": 2.6, ""bladeCamber"": 0.14, ""bladeChord"": 0.9, ""borderWidth"": 0.0, ""boreDia"": 1.95, ""cephFrac"": 0.3773024311252394, ""cephParallel"": 0.02, ""clearance"": 0.3, ""effacement"": 0.0, ""eyeArc"": 150.0, ""eyeHeight"": 1.0, ""eyeLat"": 0.0, ""eyePos"": 0.45, ""eyeProfile"": 4.0, ""eyeShade"": 0.0, ""eyeSize"": 0.05, ""eyeSlope"": 15.0, ""eyeSolid"": 0, ""fulcrum"": 0.55, ""furrowDepth"": 1.2, ""genalCurve"": 2.0, ""genalPath"": ""s**2"", ""genalSpine"": 1.5, ""genalSweep"": 0.05, ""genalTaper"": 0.6, ""genalWidth"": 0.3, ""genalWidthMM"": 5.0, ""glabFront"": 2.5, ""glabInflate"": 1.35, ""glabLobes"": 3, ""glabRise"": 0.12, ""headDomeExp"": 1.42, ""headDomeFill"": 0.61, ""headOutlineExp"": 1.89, ""headProngCenter"": 1.0, ""headProngCurl"": 0.0, ""headProngLen"": 0.6, ""headProngSplay"": 30.0, ""headProngStem"": 0.0, ""headProngWidth"": 0.45, ""headProngs"": 0, ""headRearArc"": 0.12, ""headRearExp"": 2.0, ""headRelief"": 1.0, ""headWall"": 1.0, ""length"": 151.0, ""lensD"": 0.16, ""lensGap"": 0.3, ""lensRise"": 0.35, ""macroAmp"": 0.8, ""macroIndex"": -1, ""marginHeight"": 0.33, ""maxAngle"": 18.0, ""nKnuckles"": 3, ""occipitalSpine"": 0.0, ""overlap"": 0.377804959611969, ""pleuralSlope"": 0.74, ""pygFrac"": 0.11833599268320083, ""pygMarginal"": 0, ""pygMarginalLen"": 0.685521625703909, ""pygRings"": 2, ""pygSpine"": 0.0, ""pygSplay"": 16.0, ""pygWidth"": 0.82, ""relief"": 13.915665623938382, ""ringArch"": 0.22, ""segCount"": 6, ""spineBase"": 0.0, ""spineGrad"": 0.0, ""spineSweep"": 45.0, ""tailDomeExp"": 2.0, ""tailProngCenter"": 1.0, ""tailProngCurl"": 0.0, ""tailProngLen"": 0.5, ""tailProngSplay"": 30.0, ""tailProngStem"": 0.0, ""tailProngWidth"": 0.45, ""tailProngs"": 0, ""tailRelief"": 1.0, ""tailWall"": 1.0, ""tent"": 1.0, ""termSpine"": 0.0, ""tipSweep"": 0.75, ""tipTaper"": 0.7, ""wall"": 2.0, ""width"": 72.0, ""widthHeadFront"": 0.75, ""widthMaxPos"": 0.12, ""widthTail"": 0.3, ""widthThoraxFront"": 0.6, ""widthThoraxRear"": 0.3854259174837496}"
36,harpetida,0,7,0.135,"cephFrac: 0.47421064294201426 clamped to [0.18, 0.45];pygMarginalLen: 0.06747641616924147 clamped to [0.1, 1.5]","{""axialSpine"": 0.0, ""axisFrac"": 0.28, ""axisRise"": 0.0, ""axisSigma"": 0.55, ""barrelR"": 2.6, ""bladeCamber"": 0.14, ""bladeChord"": 0.9, ""borderWidth"": 0.0, ""boreDia"": 1.95, ""cephFrac"": 0.45, ""cephParallel"": 0.02, ""clearance"": 0.3, ""effacement"": 0.0, ""eyeArc"": 150.0, ""eyeHeight"": 1.0, ""eyeLat"": 0.0, ""eyePos"": 0.45, ""eyeProfile"": 4.0, ""eyeShade"": 0.0, ""eyeSize"": 0.05, ""eyeSlope"": 15.0, ""eyeSolid"": 0, ""fulcrum"": 0.55, ""furrowDepth"": 1.2, ""genalCurve"": 2.0, ""genalPath"": ""s**2"", ""genalSpine"": 0.1619433988061795, ""genalSweep"": 0.05, ""genalTaper"": 0.6, ""genalWidth"": 0.3, ""genalWidthMM"": 5.0, ""glabFront"": 2.5, ""glabInflate"": 1.35, ""glabLobes"": 3, ""glabRise"": 0.12, ""headDomeExp"": 1.42, ""headDomeFill"": 0.61, ""headOutlineExp"": 1.89, ""headProngCenter"": 1.0, ""headProngCurl"": 0.0, ""headProngLen"": 0.6, ""headProngSplay"": 30.0, ""headProngStem"": 0.0, ""headProngWidth"": 0.45, ""headProngs"": 0, ""headRearArc"": 0.12, ""headRearExp"": 2.0, ""headRelief"": 1.0, ""headWall"": 1.0, ""length"": 151.0, ""lensD"": 0.16, ""lensGap"": 0.3, ""lensRise"": 0.35, ""macroAmp"": 0.8, ""macroIndex"": -1, ""marginHeight"": 0.33, ""maxAngle"": 18.0, ""nKnuckles"": 3, ""occipitalSpine"": 0.0, ""overlap"": 0.5048159000124579, ""pleuralSlope"": 0.74, ""pygFrac"": 0.09533635246593115, ""pygMarginal"": 0, ""pygMarginalLen"": 0.1, ""pygRings"": 2, ""pygSpine"": 0.0, ""pygSplay"": 16.0, ""pygWidth"": 0.82, ""relief"": 18.400238336143214, ""ringArch"": 0.22, ""segCount"": 11, ""spineBase"": 0.0, ""spineGrad"": 0.0, ""spineSweep"": 45.0, ""tailDomeExp"": 2.0, ""tailProngCenter"": 1.0, ""tailProngCurl"": 0.0, ""tailProngLen"": 0.5, ""tailProngSplay"": 30.0, ""tailProngStem"": 0.0, ""tailProngWidth"": 0.45, ""tailProngs"": 0, ""tailRelief"": 1.0, ""tailWall"": 1.0, ""tent"": 1.0, ""termSpine"": 0.0, ""tipSweep"": 0.75, ""tipTaper"": 0.7, ""wall"": 2.0, ""width"": 72.0, ""widthHeadFront"": 0.75, ""widthMaxPos"": 0.12, ""widthTail"": 0.3, ""widthThoraxFront"": 0.6, ""widthThoraxRear"": 0.3601480232208188}"
37,harpetida,0,7,0.2728,,"{""axialSpine"": 0.0, ""axisFrac"": 0.28, ""axisRise"": 0.0, ""axisSigma"": 0.55, ""barrelR"": 2.6, ""bladeCamber"": 0.14, ""bladeChord"": 0.9, ""borderWidth"": 0.0, ""boreDia"": 1.95, ""cephFrac"": 0.4198982916984864, ""cephParallel"": 0.02, ""clearance"": 0.3, ""effacement"": 0.0, ""eyeArc"": 150.0, ""eyeHeight"": 1.0, ""eyeLat"": 0.0, ""eyePos"": 0.45, ""eyeProfile"": 4.0, ""eyeShade"": 0.0, ""eyeSize"": 0.05, ""eyeSlope"": 15.0, ""eyeSolid"": 0, ""fulcrum"": 0.55, ""furrowDepth"": 1.2, ""genalCurve"": 2.0, ""genalPath"": ""s**2"", ""genalSpine"": 0.32737893370929, ""genalSweep"": 0.05, ""genalTaper"": 0.6, ""genalWidth"": 0.3, ""genalWidthMM"": 5.0, ""glabFront"": 2.5, ""glabInflate"": 1.35, ""glabLobes"": 3, ""glabRise"": 0.12, ""headDomeExp"": 1.42, ""headDomeFill"": 0.61, ""headOutlineExp"": 1.89, ""headProngCenter"": 1.0, ""headProngCurl"": 0.0, ""headProngLen"": 0.6, ""headProngSplay"": 30.0, ""headProngStem"": 0.0, ""headProngWidth"": 0.45, ""headProngs"": 0, ""headRearArc"": 0.12, ""headRearExp"": 2.0, ""headRelief"": 1.0, ""headWall"": 1.0, ""length"": 151.0, ""lensD"": 0.16, ""lensGap"": 0.3, ""lensRise"": 0.35, ""macroAmp"": 0.8, ""macroIndex"": -1, ""marginHeight"": 0.33, ""maxAngle"": 18.0, ""nKnuckles"": 3, ""occipitalSpine"": 0.0, ""overlap"": 0.31390821755452214, ""pleuralSlope"": 0.74, ""pygFrac"": 0.07314828199277455, ""pygMarginal"": 0, ""pygMarginalLen"": 0.1364078890455375, ""pygRings"": 2, ""pygSpine"": 0.0, ""pygSplay"": 16.0, ""pygWidth"": 0.82, ""relief"": 23.927942548460116, ""ringArch"": 0.22, ""segCount"": 9, ""spineBase"": 0.0, ""spineGrad"": 0.0, ""spineSweep"": 45.0, ""tailDomeExp"": 2.0, ""tailProngCenter"": 1.0, ""tailProngCurl"": 0.0, ""tailProngLen"": 0.5, ""tailProngSplay"": 30.0, ""tailProngStem"": 0.0, ""tailProngWidth"": 0.45, ""tailProngs"": 0, ""tailRelief"": 1.0, ""tailWall"": 1.0, ""tent"": 1.0, ""termSpine"": 0.0, ""tipSweep"": 0.75, ""tipTaper"": 0.7, ""wall"": 2.0, ""width"": 72.0, ""widthHeadFront"": 0.75, ""widthMaxPos"": 0.12, ""widthTail"": 0.3, ""widthThoraxFront"": 0.6, ""widthThoraxRear"": 0.43874346752416465}"
38,harpetida,1,7,,,"{""axialSpine"": 0.0, ""axisFrac"": 0.28, ""axisRise"": 0.0, ""axisSigma"": 0.55, ""barrelR"": 2.6, ""bladeCamber"": 0.14, ""bladeChord"": 0.9, ""borderWidth"": 0.0, ""boreDia"": 1.95, ""cephFrac"": 0.42, ""cephParallel"": 0.02, ""clearance"": 0.3, ""effacement"": 0.0, ""eyeArc"": 150.0, ""eyeHeight"": 1.0, ""eyeLat"": 0.0, ""eyePos"": 0.45, ""eyeProfile"": 4.0, ""eyeShade"": 0.0, ""eyeSize"": 0.0, ""eyeSlope"": 15.0, ""eyeSolid"": 0, ""fulcrum"": 0.55, ""furrowDepth"": 1.2, ""genalCurve"": 2.0, ""genalPath"": ""s**2"", ""genalSpine"": 1.2, ""genalSweep"": 0.05, ""genalTaper"": 0.6, ""genalWidth"": 0.3, ""genalWidthMM"": 5.0, ""glabFront"": 2.5, ""glabInflate"": 1.35, ""glabLobes"": 3, ""glabRise"": 0.12, ""headDomeExp"": 1.42, ""headDomeFill"": 0.61, ""headOutlineExp"": 1.89, ""headProngCenter"": 1.0, ""headProngCurl"": 0.0, ""headProngLen"": 0.6, ""headProngSplay"": 30.0, ""headProngStem"": 0.0, ""headProngWidth"": 0.45, ""headProngs"": 0, ""headRearArc"": 0.12, ""headRearExp"": 2.0, ""headRelief"": 1.0, ""headWall"": 1.0, ""length"": 151.0, ""lensD"": 0.16, ""lensGap"": 0.3, ""lensRise"": 0.35, ""macroAmp"": 0.8, ""macroIndex"": -1, ""marginHeight"": 0.33, ""maxAngle"": 18.0, ""nKnuckles"": 3, ""occipitalSpine"": 0.0, ""overlap"": 0.45, ""pleuralSlope"": 0.74, ""pygFrac"": 0.1, ""pygMarginal"": 0, ""pygMarginalLen"": 0.5, ""pygRings"": 2, ""pygSpine"": 0.0, ""pygSplay"": 16.0, ""pygWidth"": 0.82, ""relief"": 17.1, ""ringArch"": 0.22, ""segCount"": 9, ""spineBase"": 0.0, ""spineGrad"": 0.0, ""spineSweep"": 45.0, ""tailDomeExp"": 2.0, ""tailProngCenter"": 1.0, ""tailProngCurl"": 0.0, ""tailProngLen"": 0.5, ""tailProngSplay"": 30.0, ""tailProngStem"": 0.0, ""tailProngWidth"": 0.45, ""tailProngs"": 0, ""tailRelief"": 1.0, ""tailWall"": 1.0, ""tent"": 1.0, ""termSpine"": 0.0, ""tipSweep"": 0.75, ""tipTaper"": 0.7, ""wall"": 2.0, ""width"": 72.0, ""widthHeadFront"": 0.75, ""widthMaxPos"": 0.12, ""widthTail"": 0.3, ""widthThoraxFront"": 0.6, ""widthThoraxRear"": 0.42}"
39,harpetida,1,7,,,"{""axialSpine"": 0.0, ""axisFrac"": 0.28, ""axisRise"": 0.0, ""axisSigma"": 0.55, ""barrelR"": 2.6, ""bladeCamber"": 0.14, ""bladeChord"": 0.9, ""borderWidth"": 0.0, ""boreDia"": 1.95, ""cephFrac"": 0.42, ""cephParallel"": 0.02, ""clearance"": 0.3, ""effacement"": 0.0, ""eyeArc"": 150.0, ""eyeHeight"": 1.0, ""eyeLat"": 0.0, ""eyePos"": 0.45, ""eyeProfile"": 4.0, ""eyeShade"": 0.0, ""eyeSize"": 0.45, ""eyeSlope"": 15.0, ""eyeSolid"": 0, ""fulcrum"": 0.55, ""furrowDepth"": 1.2, ""genalCurve"": 2.0, ""genalPath"": ""s**2"", ""genalSpine"": 1.2, ""genalSweep"": 0.05, ""genalTaper"": 0.6, ""genalWidth"": 0.3, ""genalWidthMM"": 5.0, ""glabFront"": 2.5, ""glabInflate"": 1.35, ""glabLobes"": 3, ""glabRise"": 0.12, ""headDomeExp"": 1.42, ""headDomeFill"": 0.61, ""headOutlineExp"": 1.89, ""headProngCenter"": 1.0, ""headProngCurl"": 0.0, ""headProngLen"": 0.6, ""headProngSplay"": 30.0, ""headProngStem"": 0.0, ""headProngWidth"": 0.45, ""headProngs"": 0, ""headRearArc"": 0.12, ""headRearExp"": 2.0, ""headRelief"": 1.0, ""headWall"": 1.0, ""length"": 151.0, ""lensD"": 0.16, ""lensGap"": 0.3, ""lensRise"": 0.35, ""macroAmp"": 0.8, ""macroIndex"": -1, ""marginHeight"": 0.33, ""maxAngle"": 18.0, ""nKnuckles"": 3, ""occipitalSpine"": 0.0, ""overlap"": 0.45, ""pleuralSlope"": 0.74, ""pygFrac"": 0.1, ""pygMarginal"": 0, ""pygMarginalLen"": 0.5, ""pygRings"": 2, ""pygSpine"": 0.0, ""pygSplay"": 16.0, ""pygWidth"": 0.82, ""relief"": 17.1, ""ringArch"": 0.22, ""segCount"": 9, ""spineBase"": 0.0, ""spineGrad"": 0.0, ""spineSweep"": 45.0, ""tailDomeExp"": 2.0, ""tailProngCenter"": 1.0, ""tailProngCurl"": 0.0, ""tailProngLen"": 0.5, ""tailProngSplay"": 30.0, ""tailProngStem"": 0.0, ""tailProngWidth"": 0.45, ""tailProngs"": 0, ""tailRelief"": 1.0, ""tailWall"": 1.0, ""tent"": 1.0, ""termSpine"": 0.0, ""tipSweep"": 0.75, ""tipTaper"": 0.7, ""wall"": 2.0, ""width"": 72.0, ""widthHeadFront"": 0.75, ""widthMaxPos"": 0.12, ""widthTail"": 0.3, ""widthThoraxFront"": 0.6, ""widthThoraxRear"": 0.42}"
40,lichida,0,7,0.3872,,"{""axialSpine"": 0.0, ""axisFrac"": 0.28, ""axisRise"": 0.0, ""axisSigma"": 0.55, ""barrelR"": 2.6, ""bladeCamber"": 0.14, ""bladeChord"": 0.9, ""borderWidth"": 0.1, ""boreDia"": 1.95, ""cephFrac"": 0.2601900116017748, ""cephParallel"": 0.05, ""clearance"": 0.3, ""effacement"": 0.0, ""eyeArc"": 150.0, ""eyeHeight"": 0.85, ""eyeLat"": 0.0, ""eyePos"": 0.62, ""eyeProfile"": 4.0, ""eyeShade"": 0.0, ""eyeSize"": 0.16, ""eyeSlope"": 15.0, ""eyeSolid"": 0, ""fulcrum"": 0.55, ""furrowDepth"": 1.2, ""genalCurve"": 12.0, ""genalPath"": ""s**2"", ""genalSpine"": 0.1742609490032956, ""genalSweep"": 0.3, ""genalTaper"": 2.2, ""genalWidth"": 0.12, ""genalWidthMM"": 5.0, ""glabFront"": 2.5, ""glabInflate"": 1.6, ""glabLobes"": 3, ""glabRise"": 0.18, ""headDomeExp"": 1.5, ""headDomeFill"": 0.82, ""headOutlineExp"": 2.15, ""headProngCenter"": 1.0, ""headProngCurl"": 0.0, ""headProngLen"": 0.6, ""headProngSplay"": 30.0, ""headProngStem"": 0.0, ""headProngWidth"": 0.45, ""headProngs"": 0, ""headRearArc"": 0.12, ""headRearExp"": 2.0, ""headRelief"": 1.0, ""headWall"": 1.0, ""length"": 183.0, ""lensD"": 0.16, ""lensGap"": 0.3, ""lensRise"": 0.35, ""macroAmp"": 0.8, ""macroIndex"": -1, ""marginHeight"": 0.14, ""maxAngle"": 18.0, ""nKnuckles"": 3, ""occipitalSpine"": 0.0, ""overlap"": 0.44622146508967586, ""pleuralSlope"": 0.74, ""pygFrac"": 0.29667671202394996, ""pygMarginal"": 6, ""pygMarginalLen"": 0.23234793200439413, ""pygRings"": 4, ""pygSpine"": 0.1355362936692299, ""pygSplay"": 16.0, ""pygWidth"": 1.0, ""relief"": 16.962269506099148, ""ringArch"": 0.22, ""segCount"": 7, ""spineBase"": 0.05808698300109853, ""spineGrad"": 0.15, ""spineSweep"": 45.0, ""tailDomeExp"": 2.0, ""tailProngCenter"": 1.0, ""tailProngCurl"": 0.0, ""tailProngLen"": 0.5, ""tailProngSplay"": 30.0, ""tailProngStem"": 0.0, ""tailProngWidth"": 0.45, ""tailProngs"": 0, ""tailRelief"": 1.0, ""tailWall"": 1.0, ""tent"": 1.0, ""termSpine"": 0.0, ""tipSweep"": 0.75, ""tipTaper"": 0.75, ""wall"": 2.0, ""width"": 72.0, ""widthHeadFront"": 0.75, ""widthMaxPos"": 0.2, ""widthTail"": 0.55, ""widthThoraxFront"": 0.93, ""widthThoraxRear"": 0.663576201866524}"
41,lichida,0,7,1.2615,,"{""axialSpine"": 0.0, ""axisFrac"": 0.28, ""axisRise"": 0.0, ""axisSigma"": 0.55, ""barrelR"": 2.6, ""bladeCamber"": 0.14, ""bladeChord"": 0.9, ""borderWidth"": 0.1, ""boreDia"": 1.95, ""cephFrac"": 0.38932292040559885, ""cephParallel"": 0.05, ""clearance"": 0.3, ""effacement"": 0.0, ""eyeArc"": 150.0, ""eyeHeight"": 0.85, ""eyeLat"": 0.0, ""eyePos"": 0.62, ""eyeProfile"": 4.0, ""eyeShade"": 0.0, ""eyeSize"": 0.16, ""eyeSlope"": 15.0, ""eyeSolid"": 0, ""fulcrum"": 0.55, ""furrowDepth"": 1.2, ""genalCurve"": 12.0, ""genalPath"": ""s**2"", ""genalSpine"": 0.5676616742718604, ""genalSweep"": 0.3, ""genalTaper"": 2.2, ""genalWidth"": 0.12, ""genalWidthMM"": 5.0, ""glabFront"": 2.5, ""glabInflate"": 1.6, ""glabLobes"": 3, ""glabRise"": 0.18, ""headDomeExp"": 1.5, ""headDomeFill"": 0.82, ""headOutlineExp"": 2.15, ""headProngCenter"": 1.0, ""headProngCurl"": 0.0, ""headProngLen"": 0.6, ""headProngSplay"": 30.0, ""headProngStem"": 0.0, ""headProngWidth"": 0.45, ""headProngs"": 0, ""headRearArc"": 0.12, ""headRearExp"": 2.0, ""headRelief"": 1.0, ""headWall"": 1.0, ""length"": 183.0, ""lensD"": 0.16, ""lensGap"": 0.3, ""lensRise"": 0.35, ""macroAmp"": 0.8, ""macroIndex"": -1, ""marginHeight"": 0.14, ""maxAngle"": 18.0, ""nKnuckles"": 3, ""occipitalSpine"": 0.0, ""overlap"": 0.5387120890633208, ""pleuralSlope"": 0.74, ""pygFrac"": 0.23583871067232687, ""pygMarginal"": 6, ""pygMarginalLen"": 0.7568822323624805, ""pygRings"": 4, ""pygSpine"": 0.44151463554478027, ""pygSplay"": 16.0, ""pygWidth"": 1.0, ""relief"": 21.54025925187897, ""ringArch"": 0.22, ""segCount"": 9, ""spineBase"": 0.18922055809062013, ""spineGrad"": 0.15, ""spineSweep"": 45.0, ""tailDomeExp"": 2.0, ""tailProngCenter"": 1.0, ""tailProngCurl"": 0.0, ""tailProngLen"": 0.5, ""tailProngSplay"": 30.0, ""tailProngStem"": 0.0, ""tailProngWidth"": 0.45, ""tailProngs"": 0, ""tailRelief"": 1.0, ""tailWall"": 1.0, ""tent"": 1.0, ""termSpine"": 0.0, ""tipSweep"": 0.75, ""tipTaper"": 0.75, ""wall"": 2.0, ""width"": 72.0, ""widthHeadFront"": 0.75, ""widthMaxPos"": 0.2, ""widthTail"": 0.55, ""widthThoraxFront"": 0.93, ""widthThoraxRear"": 0.47390825112714646}"
42,lichida,0,7,1.3154,,"{""axialSpine"": 0.0, ""axisFrac"": 0.28, ""axisRise"": 0.0, ""axisSigma"": 0.55, ""barrelR"": 2.6, ""bladeCamber"": 0.14, ""bladeChord"": 0.9, ""borderWidth"": 0.1, ""boreDia"": 1.95, ""cephFrac"": 0.21467589751027658, ""cephParallel"": 0.05, ""clearance"": 0.3, ""effacement"": 0.0, ""eyeArc"": 150.0, ""eyeHeight"": 0.85, ""eyeLat"": 0.0, ""eyePos"": 0.62, ""eyeProfile"": 4.0, ""eyeShade"": 0.0, ""eyeSize"": 0.16, ""eyeSlope"": 15.0, ""eyeSolid"": 0, ""fulcrum"": 0.55, ""furrowDepth"": 1.2, ""genalCurve"": 12.0, ""genalPath"": ""s**2"", ""genalSpine"": 0.5919271152426987, ""genalSweep"": 0.3, ""genalTaper"": 2.2, ""genalWidth"": 0.12, ""genalWidthMM"": 5.0, ""glabFront"": 2.5, ""glabInflate"": 1.6, ""glabLobes"": 3, ""glabRise"": 0.18, ""headDomeExp"": 1.5, ""headDomeFill"": 0.82, ""headOutlineExp"": 2.15, ""headProngCenter"": 1.0, ""headProngCurl"": 0.0, ""headProngLen"": 0.6, ""headProngSplay"": 30.0, ""headProngStem"": 0.0, ""headProngWidth"": 0.45, ""headProngs"": 0, ""headRearArc"": 0.12, ""headRearExp"": 2.0, ""headRelief"": 1.0, ""headWall"": 1.0, ""length"": 183.0, ""lensD"": 0.16, ""lensGap"": 0.3, ""lensRise"": 0.35, ""macroAmp"": 0.8, ""macroIndex"": -1, ""marginHeight"": 0.14, ""maxAngle"": 18.0, ""nKnuckles"": 3, ""occipitalSpine"": 0.0, ""overlap"": 0.3971400193061864, ""pleuralSlope"": 0.74, ""pygFrac"": 0.334665119156454, ""pygMarginal"": 6, ""pygMarginalLen"": 0.7892361536569316, ""pygRings"": 4, ""pygSpine"": 0.46038775629987677, ""pygSplay"": 16.0, ""pygWidth"": 1.0, ""relief"": 12.53333233301082, ""ringArch"": 0.22, ""segCount"": 12, ""spineBase"": 0.1973090384142329, ""spineGrad"": 0.15, ""spineSweep"": 45.0, ""tailDomeExp"": 2.0, ""tailProngCenter"": 1.0, ""tailProngCurl"": 0.0, ""tailProngLen"": 0.5, ""tailProngSplay"": 30.0, ""tailProngStem"": 0.0, ""tailProngWidth"": 0.45, ""tailProngs"": 0, ""tailRelief"": 1.0, ""tailWall"": 1.0, ""tent"": 1.0, ""termSpine"": 0.0, ""tipSweep"": 0.75, ""tipTaper"": 0.75, ""wall"": 2.0, ""width"": 72.0, ""widthHeadFront"": 0.75, ""widthMaxPos"": 0.2, ""widthTail"": 0.55, ""widthThoraxFront"": 0.93, ""widthThoraxRear"": 0.6169348945242359}"
43,lichida,0,7,0.1797,,"{""axialSpine"": 0.0, ""axisFrac"": 0.28, ""axisRise"": 0.0, ""axisSigma"": 0.55, ""barrelR"": 2.6, ""bladeCamber"": 0.14, ""bladeChord"": 0.9, ""borderWidth"": 0.1, ""boreDia"": 1.95, ""cephFrac"": 0.3113957103642329, ""cephParallel"": 0.05, ""clearance"": 0.3, ""effacement"": 0.0, ""eyeArc"": 150.0, ""eyeHeight"": 0.85, ""eyeLat"": 0.0, ""eyePos"": 0.62, ""eyeProfile"": 4.0, ""eyeShade"": 0.0, ""eyeSize"": 0.16, ""eyeSlope"": 15.0, ""eyeSolid"": 0, ""fulcrum"": 0.55, ""furrowDepth"": 1.2, ""genalCurve"": 12.0, ""genalPath"": ""s**2"", ""genalSpine"": 0.08086078369647769, ""genalSweep"": 0.3, ""genalTaper"": 2.2, ""genalWidth"": 0.12, ""genalWidthMM"": 5.0, ""glabFront"": 2.5, ""glabInflate"": 1.6, ""glabLobes"": 3, ""glabRise"": 0.18, ""headDomeExp"": 1.5, ""headDomeFill"": 0.82, ""headOutlineExp"": 2.15, ""headProngCenter"": 1.0, ""headProngCurl"": 0.0, ""headProngLen"": 0.6, ""headProngSplay"": 30.0, ""headProngStem"": 0.0, ""headProngWidth"": 0.45, ""headProngs"": 0, ""headRearArc"": 0.12, ""headRearExp"": 2.0, ""headRelief"": 1.0, ""headWall"": 1.0, ""length"": 183.0, ""lensD"": 0.16, ""lensGap"": 0.3, ""lensRise"": 0.35, ""macroAmp"": 0.8, ""macroIndex"": -1, ""marginHeight"": 0.14, ""maxAngle"": 18.0, ""nKnuckles"": 3, ""occipitalSpine"": 0.0, ""overlap"": 0.2402156059655951, ""pleuralSlope"": 0.74, ""pygFrac"": 0.21634086056432159, ""pygMarginal"": 6, ""pygMarginalLen"": 0.10781437826197024, ""pygRings"": 4, ""pygSpine"": 0.06289172065281597, ""pygSplay"": 16.0, ""pygWidth"": 1.0, ""relief"": 23.83165979787552, ""ringArch"": 0.22, ""segCount"": 12, ""spineBase"": 0.02695359456549256, ""spineGrad"": 0.15, ""spineSweep"": 45.0, ""tailDomeExp"": 2.0, ""tailProngCenter"": 1.0, ""tailProngCurl"": 0.0, ""tailProngLen"": 0.5, ""tailProngSplay"": 30.0, ""tailProngStem"": 0.0, ""tailProngWidth"": 0.45, ""tailProngs"": 0, ""tailRelief"": 1.0, ""tailWall"": 1.0, ""tent"": 1.0, ""termSpine"": 0.0, ""tipSweep"": 0.75, ""tipTaper"": 0.75, ""wall"": 2.0, ""width"": 72.0, ""widthHeadFront"": 0.75, ""widthMaxPos"": 0.2, ""widthTail"": 0.55, ""widthThoraxFront"": 0.93, ""widthThoraxRear"": 0.7708764629619049}"
44,lichida,0,7,0.6504,,"{""axialSpine"": 0.0, ""axisFrac"": 0.28, ""axisRise"": 0.0, ""axisSigma"": 0.55, ""barrelR"": 2.6, ""bladeCamber"": 0.14, ""bladeChord"": 0.9, ""borderWidth"": 0.1, ""boreDia"": 1.95, ""cephFrac"": 0.35619116349493907, ""cephParallel"": 0.05, ""clearance"": 0.3, ""effacement"": 0.0, ""eyeArc"": 150.0, ""eyeHeight"": 0.85, ""eyeLat"": 0.0, ""eyePos"": 0.62, ""eyeProfile"": 4.0, ""eyeShade"": 0.0, ""eyeSize"": 0.16, ""eyeSlope"": 15.0, ""eyeSolid"": 0, ""fulcrum"": 0.55, ""furrowDepth"": 1.2, ""genalCurve"": 12.0, ""genalPath"": ""s**2"", ""genalSpine"": 0.29266901441705495, ""genalSweep"": 0.3, ""genalTaper"": 2.2, ""genalWidth"": 0.12, ""genalWidthMM"": 5.0, ""glabFront"": 2.5, ""glabInflate"": 1.6, ""glabLobes"": 3, ""glabRise"": 0.18, ""headDomeExp"": 1.5, ""headDomeFill"": 0.82, ""headOutlineExp"": 2.15, ""headProngCenter"": 1.0, ""headProngCurl"": 0.0, ""headProngLen"": 0.6, ""headProngSplay"": 30.0, ""headProngStem"": 0.0, ""headProngWidth"": 0.45, ""headProngs"": 0, ""headRearArc"": 0.12, ""headRearExp"": 2.0, ""headRelief"": 1.0, ""headWall"": 1.0, ""length"": 183.0, ""lensD"": 0.16, ""lensGap"": 0.3, ""lensRise"": 0.35, ""macroAmp"": 0.8, ""macroIndex"": -1, ""marginHeight"": 0.14, ""maxAngle"": 18.0, ""nKnuckles"": 3, ""occipitalSpine"": 0.0, ""overlap"": 0.7546703080471175, ""pleuralSlope"": 0.74, ""pygFrac"": 0.19580055513297076, ""pygMarginal"": 6, ""pygMarginalLen"": 0.3902253525560732, ""pygRings"": 4, ""pygSpine"": 0.22763145565770937, ""pygSplay"": 16.0, ""pygWidth"": 1.0, ""relief"": 10.525272765013714, ""ringArch"": 0.22, ""segCount"": 10, ""spineBase"": 0.0975563381390183, ""spineGrad"": 0.15, ""spineSweep"": 45.0, ""tailDomeExp"": 2.0, ""tailProngCenter"": 1.0, ""tailProngCurl"": 0.0, ""tailProngLen"": 0.5, ""tailProngSplay"": 30.0, ""tailProngStem"": 0.0, ""tailProngWidth"": 0.45, ""tailProngs"": 0, ""tailRelief"": 1.0, ""tailWall"": 1.0, ""tent"": 1.0, ""termSpine"": 0.0, ""tipSweep"": 0.75, ""tipTaper"": 0.75, ""wall"": 2.0, ""width"": 72.0, ""widthHeadFront"": 0.75, ""widthMaxPos"": 0.2, ""widthTail"": 0.55, ""widthThoraxFront"": 0.93, ""widthThoraxRear"": 0.5217354828827118}"
45,lichida,0,7,1.0142,,"{""axialSpine"": 0.0, ""axisFrac"": 0.28, ""axisRise"": 0.0, ""axisSigma"": 0.55, ""barrelR"": 2.6, ""bladeCamber"": 0.14, ""bladeChord"": 0.9, ""borderWidth"": 0.1, ""boreDia"": 1.95, ""cephFrac"": 0.3430865078116239, ""cephParallel"": 0.05, ""clearance"": 0.3, ""effacement"": 0.0, ""eyeArc"": 150.0, ""eyeHeight"": 0.85, ""eyeLat"": 0.0, ""eyePos"": 0.62, ""eyeProfile"": 4.0, ""eyeShade"": 0.0, ""eyeSize"": 0.16, ""eyeSlope"": 15.0, ""eyeSolid"": 0, ""fulcrum"": 0.55, ""furrowDepth"": 1.2, ""genalCurve"": 12.0, ""genalPath"": ""s**2"", ""genalSpine"": 0.4563903534987414, ""genalSweep"": 0.3, ""genalTaper"": 2.2, ""genalWidth"": 0.12, ""genalWidthMM"": 5.0, ""glabFront"": 2.5, ""glabInflate"": 1.6, ""glabLobes"": 3, ""glabRise"": 0.18, ""headDomeExp"": 1.5, ""headDomeFill"": 0.82, ""headOutlineExp"": 2.15, ""headProngCenter"": 1.0, ""headProngCurl"": 0.0, ""headProngLen"": 0.6, ""headProngSplay"": 30.0, ""headProngStem"": 0.0, ""headProngWidth"": 0.45, ""headProngs"": 0, ""headRearArc"": 0.12, ""headRearExp"": 2.0, ""headRelief"": 1.0, ""headWall"": 1.0, ""length"": 183.0, ""lensD"": 0.16, ""lensGap"": 0.3, ""lensRise"": 0.35, ""macroAmp"": 0.8, ""macroIndex"": -1, ""marginHeight"": 0.14, ""maxAngle"": 18.0, ""nKnuckles"": 3, ""occipitalSpine"": 0.0, ""overlap"": 0.6343110349077897, ""pleuralSlope"": 0.74, ""pygFrac"": 0.3155690201816057, ""pygMarginal"": 6, ""pygMarginalLen"": 0.6085204713316551, ""pygRings"": 4, ""pygSpine"": 0.3549702749434655, ""pygSplay"": 16.0, ""pygWidth"": 1.0, ""relief"": 17.97973743745887, ""ringArch"": 0.22, ""segCount"": 9, ""spineBase"": 0.15213011783291377, ""spineGrad"": 0.15, ""spineSweep"": 45.0, ""tailDomeExp"": 2.0, ""tailProngCenter"": 1.0, ""tailProngCurl"": 0.0, ""tailProngLen"": 0.5, ""tailProngSplay"": 30.0, ""tailProngStem"": 0.0, ""tailProngWidth"": 0.45, ""tailProngs"": 0, ""tailRelief"": 1.0, ""tailWall"": 1.0, ""tent"": 1.0, ""termSpine"": 0.0, ""tipSweep"": 0.75, ""tipTaper"": 0.75, ""wall"": 2.0, ""width"": 72.0, ""widthHeadFront"": 0.75, ""widthMaxPos"": 0.2, ""widthTail"": 0.55, ""widthThoraxFront"": 0.93, ""widthThoraxRear"": 0.8489115099846709}"
46,lichida,0,7,0.8851,,"{""axialSpine"": 0.0, ""axisFrac"": 0.28, ""axisRise"": 0.0, ""axisSigma"": 0.55, ""barrelR"": 2.6, ""bladeCamber"": 0.14, ""bladeChord"": 0.9, ""borderWidth"": 0.1, ""boreDia"": 1.95, ""cephFrac"": 0.2784118993476325, ""cephParallel"": 0.05, ""clearance"": 0.3, ""effacement"": 0.0, ""eyeArc"": 150.0, ""eyeHeight"": 0.85, ""eyeLat"": 0.0, ""eyePos"": 0.62, ""eyeProfile"": 4.0, ""eyeShade"": 0.0, ""eyeSize"": 0.16, ""eyeSlope"": 15.0, ""eyeSolid"": 0, ""fulcrum"": 0.55, ""furrowDepth"": 1.2, ""genalCurve"": 12.0, ""genalPath"": ""s**2"", ""genalSpine"": 0.3982875174169637, ""genalSweep"": 0.3, ""genalTaper"": 2.2, ""genalWidth"": 0.12, ""genalWidthMM"": 5.0, ""glabFront"": 2.5, ""glabInflate"": 1.6, ""glabLobes"": 3, ""glabRise"": 0.18, ""headDomeExp"": 1.5, ""headDomeFill"": 0.82, ""headOutlineExp"": 2.15, ""headProngCenter"": 1.0, ""headProngCurl"": 0.0, ""headProngLen"": 0.6, ""headProngSplay"": 30.0, ""headProngStem"": 0.0, ""headProngWidth"": 0.45, ""headProngs"": 0, ""headRearArc"": 0.12, ""headRearExp"": 2.0, ""headRelief"": 1.0, ""headWall"": 1.0, ""length"": 183.0, ""lensD"": 0.16, ""lensGap"": 0.3, ""lensRise"": 0.35, ""macroAmp"": 0.8, ""macroIndex"": -1, ""marginHeight"": 0.14, ""maxAngle"": 18.0, ""nKnuckles"": 3, ""occipitalSpine"": 0.0, ""overlap"": 0.7155078086859263, ""pleuralSlope"": 0.74, ""pygFrac"": 0.27328879546936546, ""pygMarginal"": 6, ""pygMarginalLen"": 0.5310500232226183, ""pygRings"": 4, ""pygSpine"": 0.309779180213194, ""pygSplay"": 16.0, ""pygWidth"": 1.0, ""relief"": 13.836557465199764, ""ringArch"": 0.22, ""segCount"": 11, ""spineBase"": 0.13276250580565457, ""spineGrad"": 0.15, ""spineSweep"": 45.0, ""tailDomeExp"": 2.0, ""tailProngCenter"": 1.0, ""tailProngCurl"": 0.0, ""tailProngLen"": 0.5, ""tailProngSplay"": 30.0, ""tailProngStem"": 0.0, ""tailProngWidth"": 0.45, ""tailProngs"": 0, ""tailRelief"": 1.0, ""tailWall"": 1.0, ""tent"": 1.0, ""termSpine"": 0.0, ""tipSweep"": 0.75, ""tipTaper"": 0.75, ""wall"": 2.0, ""width"": 72.0, ""widthHeadFront"": 0.75, ""widthMaxPos"": 0.2, ""widthTail"": 0.55, ""widthThoraxFront"": 0.93, ""widthThoraxRear"": 0.4237734289808684}"
47,lichida,0,7,0.2856,,"{""axialSpine"": 0.0, ""axisFrac"": 0.28, ""axisRise"": 0.0, ""axisSigma"": 0.55, ""barrelR"": 2.6, ""bladeCamber"": 0.14, ""bladeChord"": 0.9, ""borderWidth"": 0.1, ""boreDia"": 1.95, ""cephFrac"": 0.23959539332477356, ""cephParallel"": 0.05, ""clearance"": 0.3, ""effacement"": 0.0, ""eyeArc"": 150.0, ""eyeHeight"": 0.85, ""eyeLat"": 0.0, ""eyePos"": 0.62, ""eyeProfile"": 4.0, ""eyeShade"": 0.0, ""eyeSize"": 0.16, ""eyeSlope"": 15.0, ""eyeSolid"": 0, ""fulcrum"": 0.55, ""furrowDepth"": 1.2, ""genalCurve"": 12.0, ""genalPath"": ""s**2"", ""genalSpine"": 0.12852834215338899, ""genalSweep"": 0.3, ""genalTaper"": 2.2, ""genalWidth"": 0.12, ""genalWidthMM"": 5.0, ""glabFront"": 2.5, ""glabInflate"": 1.6, ""glabLobes"": 3, ""glabRise"": 0.18, ""headDomeExp"": 1.5, ""headDomeFill"": 0.82, ""headOutlineExp"": 2.15, ""headProngCenter"": 1.0, ""headProngCurl"": 0.0, ""headProngLen"": 0.6, ""headProngSplay"": 30.0, ""headProngStem"": 0.0, ""headProngWidth"": 0.45, ""headProngs"": 0, ""headRearArc"": 0.12, ""headRearExp"": 2.0, ""headRelief"": 1.0, ""headWall"": 1.0, ""length"": 183.0, ""lensD"": 0.16, ""lensGap"": 0.3, ""lensRise"": 0.35, ""macroAmp"": 0.8, ""macroIndex"": -1, ""marginHeight"": 0.14, ""maxAngle"": 18.0, ""nKnuckles"": 3, ""occipitalSpine"": 0.0, ""overlap"": 0.2884528447766155, ""pleuralSlope"": 0.74, ""pygFrac"": 0.25484581965661524, ""pygMarginal"": 6, ""pygMarginalLen"": 0.1713711228711853, ""pygRings"": 4, ""pygSpine"": 0.09996648834152476, ""pygSplay"": 16.0, ""pygWidth"": 1.0, ""relief"": 20.460881382534627, ""ringArch"": 0.22, ""segCount"": 8, ""spineBase"": 0.042842780717796326, ""spineGrad"": 0.15, ""spineSweep"": 45.0, ""tailDomeExp"": 2.0, ""tailProngCenter"": 1.0, ""tailProngCurl"": 0.0, ""tailProngLen"": 0.5, ""tailProngSplay"": 30.0, ""tailProngStem"": 0.0, ""tailProngWidth"": 0.45, ""tailProngs"": 0, ""tailRelief"": 1.0, ""tailWall"": 1.0, ""tent"": 1.0, ""termSpine"": 0.0, ""tipSweep"": 0.75, ""tipTaper"": 0.75, ""wall"": 2.0, ""width"": 72.0, ""widthHeadFront"": 0.75, ""widthMaxPos"": 0.2, ""widthTail"": 0.55, ""widthThoraxFront"": 0.93, ""widthThoraxRear"": 0.7027747132420953}"
48,lichida,1,7,,,"{""axialSpine"": 0.0, ""axisFrac"": 0.28, ""axisRise"": 0.0, ""axisSigma"": 0.55, ""barrelR"": 2.6, ""bladeCamber"": 0.14, ""bladeChord"": 0.9, ""borderWidth"": 0.1, ""boreDia"": 1.95, ""cephFrac"": 0.3, ""cephParallel"": 0.05, ""clearance"": 0.3, ""effacement"": 0.0, ""eyeArc"": 150.0, ""eyeHeight"": 0.85, ""eyeLat"": 0.0, ""eyePos"": 0.62, ""eyeProfile"": 4.0, ""eyeShade"": 0.0, ""eyeSize"": 0.0, ""eyeSlope"": 15.0, ""eyeSolid"": 0, ""fulcrum"": 0.55, ""furrowDepth"": 1.2, ""genalCurve"": 12.0, ""genalPath"": ""s**2"", ""genalSpine"": 0.45, ""genalSweep"": 0.3, ""genalTaper"": 2.2, ""genalWidth"": 0.12, ""genalWidthMM"": 5.0, ""glabFront"": 2.5, ""glabInflate"": 1.6, ""glabLobes"": 3, ""glabRise"": 0.18, ""headDomeExp"": 1.5, ""headDomeFill"": 0.82, ""headOutlineExp"": 2.15, ""headProngCenter"": 1.0, ""headProngCurl"": 0.0, ""headProngLen"": 0.6, ""headProngSplay"": 30.0, ""headProngStem"": 0.0, ""headProngWidth"": 0.45, ""headProngs"": 0, ""headRearArc"": 0.12, ""headRearExp"": 2.0, ""headRelief"": 1.0, ""headWall"": 1.0, ""length"": 183.0, ""lensD"": 0.16, ""lensGap"": 0.3, ""lensRise"": 0.35, ""macroAmp"": 0.8, ""macroIndex"": -1, ""marginHeight"": 0.14, ""maxAngle"": 18.0, ""nKnuckles"": 3, ""occipitalSpine"": 0.0, ""overlap"": 0.45, ""pleuralSlope"": 0.74, ""pygFrac"": 0.26, ""pygMarginal"": 6, ""pygMarginalLen"": 0.6, ""pygRings"": 4, ""pygSpine"": 0.35, ""pygSplay"": 16.0, ""pygWidth"": 1.0, ""relief"": 17.1, ""ringArch"": 0.22, ""segCount"": 10, ""spineBase"": 0.15, ""spineGrad"": 0.15, ""spineSweep"": 45.0, ""tailDomeExp"": 2.0, ""tailProngCenter"": 1.0, ""tailProngCurl"": 0.0, ""tailProngLen"": 0.5, ""tailProngSplay"": 30.0, ""tailProngStem"": 0.0, ""tailProngWidth"": 0.45, ""tailProngs"": 0, ""tailRelief"": 1.0, ""tailWall"": 1.0, ""tent"": 1.0, ""termSpine"": 0.0, ""tipSweep"": 0.75, ""tipTaper"": 0.75, ""wall"": 2.0, ""width"": 72.0, ""widthHeadFront"": 0.75, ""widthMaxPos"": 0.2, ""widthTail"": 0.55, ""widthThoraxFront"": 0.93, ""widthThoraxRear"": 0.62}"
49,lichida,1,7,,,"{""axialSpine"": 0.0, ""axisFrac"": 0.28, ""axisRise"": 0.0, ""axisSigma"": 0.55, ""barrelR"": 2.6, ""bladeCamber"": 0.14, ""bladeChord"": 0.9, ""borderWidth"": 0.1, ""boreDia"": 1.95, ""cephFrac"": 0.3, ""cephParallel"": 0.05, ""clearance"": 0.3, ""effacement"": 0.0, ""eyeArc"": 150.0, ""eyeHeight"": 0.85, ""eyeLat"": 0.0, ""eyePos"": 0.62, ""eyeProfile"": 4.0, ""eyeShade"": 0.0, ""eyeSize"": 0.45, ""eyeSlope"": 15.0, ""eyeSolid"": 0, ""fulcrum"": 0.55, ""furrowDepth"": 1.2, ""genalCurve"": 12.0, ""genalPath"": ""s**2"", ""genalSpine"": 0.45, ""genalSweep"": 0.3, ""genalTaper"": 2.2, ""genalWidth"": 0.12, ""genalWidthMM"": 5.0, ""glabFront"": 2.5, ""glabInflate"": 1.6, ""glabLobes"": 3, ""glabRise"": 0.18, ""headDomeExp"": 1.5, ""headDomeFill"": 0.82, ""headOutlineExp"": 2.15, ""headProngCenter"": 1.0, ""headProngCurl"": 0.0, ""headProngLen"": 0.6, ""headProngSplay"": 30.0, ""headProngStem"": 0.0, ""headProngWidth"": 0.45, ""headProngs"": 0, ""headRearArc"": 0.12, ""headRearExp"": 2.0, ""headRelief"": 1.0, ""headWall"": 1.0, ""length"": 183.0, ""lensD"": 0.16, ""lensGap"": 0.3, ""lensRise"": 0.35, ""macroAmp"": 0.8, ""macroIndex"": -1, ""marginHeight"": 0.14, ""maxAngle"": 18.0, ""nKnuckles"": 3, ""occipitalSpine"": 0.0, ""overlap"": 0.45, ""pleuralSlope"": 0.74, ""pygFrac"": 0.26, ""pygMarginal"": 6, ""pygMarginalLen"": 0.6, ""pygRings"": 4, ""pygSpine"": 0.35, ""pygSplay"": 16.0, ""pygWidth"": 1.0, ""relief"": 17.1, ""ringArch"": 0.22, ""segCount"": 10, ""spineBase"": 0.15, ""spineGrad"": 0.15, ""spineSweep"": 45.0, ""tailDomeExp"": 2.0, ""tailProngCenter"": 1.0, ""tailProngCurl"": 0.0, ""tailProngLen"": 0.5, ""tailProngSplay"": 30.0, ""tailProngStem"": 0.0, ""tailProngWidth"": 0.45, ""tailProngs"": 0, ""tailRelief"": 1.0, ""tailWall"": 1.0, ""tent"": 1.0, ""termSpine"": 0.0, ""tipSweep"": 0.75, ""tipTaper"": 0.75, ""wall"": 2.0, ""width"": 72.0, ""widthHeadFront"": 0.75, ""widthMaxPos"": 0.2, ""widthTail"": 0.55, ""widthThoraxFront"": 0.93, ""widthThoraxRear"": 0.62}"
50,odontopleurida,0,7,1.2575,,"{""axialSpine"": 0.5029896578492534, ""axisFrac"": 0.28, ""axisRise"": 0.0, ""axisSigma"": 0.55, ""barrelR"": 2.6, ""bladeCamber"": 0.14, ""bladeChord"": 0.9, ""borderWidth"": 0.1, ""boreDia"": 1.95, ""cephFrac"": 0.38613097015994846, ""cephParallel"": 0.05, ""clearance"": 0.3, ""effacement"": 0.0, ""eyeArc"": 180.0, ""eyeHeight"": 1.6, ""eyeLat"": 0.7, ""eyePos"": 0.7, ""eyeProfile"": 4.0, ""eyeShade"": 0.15, ""eyeSize"": 0.11, ""eyeSlope"": 0.0, ""eyeSolid"": 1, ""fulcrum"": 0.55, ""furrowDepth"": 1.2, ""genalCurve"": 10.0, ""genalPath"": ""s**2"", ""genalSpine"": 1.0059793156985068, ""genalSweep"": 0.3, ""genalTaper"": 2.0, ""genalWidth"": 0.12, ""genalWidthMM"": 0.0, ""glabFront"": 2.5, ""glabInflate"": 1.25, ""glabLobes"": 3, ""glabRise"": 0.18, ""headDomeExp"": 1.5, ""headDomeFill"": 0.82, ""headOutlineExp"": 2.15, ""headProngCenter"": 1.0, ""headProngCurl"": 0.0, ""headProngLen"": 0.6, ""headProngSplay"": 30.0, ""headProngStem"": 0.0, ""headProngWidth"": 0.45, ""headProngs"": 0, ""headRearArc"": 0.0, ""headRearExp"": 2.2, ""headRelief"": 1.0, ""headWall"": 1.0, ""length"": 139.0, ""lensD"": 0.16, ""lensGap"": 0.3, ""lensRise"": 0.35, ""macroAmp"": 0.8, ""macroIndex"": -1, ""marginHeight"": 0.14, ""maxAngle"": 18.0, ""nKnuckles"": 3, ""occipitalSpine"": 0.5, ""overlap"": 0.4665094254440974, ""pleuralSlope"": 0.74, ""pygFrac"": 0.1546939099146808, ""pygMarginal"": 6, ""pygMarginalLen"": 1.13172673016082, ""pygRings"": 4, ""pygSpine"": 1.2574741446231334, ""pygSplay"": 14.0, ""pygWidth"": 0.82, ""relief"": 22.99501857191095, ""ringArch"": 0.22, ""segCount"": 7, ""spineBase"": 1.0059793156985068, ""spineGrad"": 0.3, ""spineSweep"": 40.0, ""tailDomeExp"": 2.0, ""tailProngCenter"": 1.0, ""tailProngCurl"": 0.0, ""tailProngLen"": 0.5, ""tailProngSplay"": 30.0, ""tailProngStem"": 0.0, ""tailProngWidth"": 0.45, ""tailProngs"": 0, ""tailRelief"": 1.0, ""tailWall"": 1.0, ""tent"": 1.0, ""termSpine"": 0.0, ""tipSweep"": 0.75, ""tipTaper"": 0.9, ""wall"": 2.0, ""width"": 69.5, ""widthHeadFront"": 0.75, ""widthMaxPos"": 0.2, ""widthTail"": 0.5, ""widthThoraxFront"": 0.93, ""widthThoraxRear"": 0.588660671351823}"
51,odontopleurida,0,7,0.707,,"{""axialSpine"": 0.28278854861510105, ""axisFrac"": 0.28, ""axisRise"": 0.0, ""axisSigma"": 0.55, ""barrelR"": 2.6, ""bladeCamber"": 0.14, ""bladeChord"": 0.9, ""borderWidth"": 0.1, ""boreDia"": 1.95, ""cephFrac"": 0.3080877391633445, ""cephParallel"": 0.05, ""clearance"": 0.3, ""effacement"": 0.0, ""eyeArc"": 180.0, ""eyeHeight"": 1.6, ""eyeLat"": 0.7, ""eyePos"": 0.7, ""eyeProfile"": 4.0, ""eyeShade"": 0.15, ""eyeSize"": 0.11, ""eyeSlope"": 0.0, ""eyeSolid"": 1, ""fulcrum"": 0.55, ""furrowDepth"": 1.2, ""genalCurve"": 10.0, ""genalPath"": ""s**2"", ""genalSpine"": 0.5655770972302021, ""genalSweep"": 0.3, ""genalTaper"": 2.0, ""genalWidth"": 0.12, ""genalWidthMM"": 0.0, ""glabFront"": 2.5, ""glabInflate"": 1.25, ""glabLobes"": 3, ""glabRise"": 0.18, ""headDomeExp"": 1.5, ""headDomeFill"": 0.82, ""headOutlineExp"": 2.15, ""headProngCenter"": 1.0, ""headProngCurl"": 0.0, ""headProngLen"": 0.6, ""headProngSplay"": 30.0, ""headProngStem"": 0.0, ""headProngWidth"": 0.45, ""headProngs"": 0, ""headRearArc"": 0.0, ""headRearExp"": 2.2, ""headRelief"": 1.0, ""headWall"": 1.0, ""length"": 139.0, ""lensD"": 0.16, ""lensGap"": 0.3, ""lensRise"": 0.35, ""macroAmp"": 0.8, ""macroIndex"": -1, ""marginHeight"": 0.14, ""maxAngle"": 18.0, ""nKnuckles"": 3, ""occipitalSpine"": 0.5, ""overlap"": 0.7105284310194793, ""pleuralSlope"": 0.74, ""pygFrac"": 0.11997686662664256, ""pygMarginal"": 6, ""pygMarginalLen"": 0.6362742343839773, ""pygRings"": 4, ""pygSpine"": 0.7069713715377526, ""pygSplay"": 14.0, ""pygWidth"": 0.82, ""relief"": 21.155483134143232, ""ringArch"": 0.22, ""segCount"": 9, ""spineBase"": 0.5655770972302021, ""spineGrad"": 0.3, ""spineSweep"": 40.0, ""tailDomeExp"": 2.0, ""tailProngCenter"": 1.0, ""tailProngCurl"": 0.0, ""tailProngLen"": 0.5, ""tailProngSplay"": 30.0, ""tailProngStem"": 0.0, ""tailProngWidth"": 0.45, ""tailProngs"": 0, ""tailRelief"": 1.0, ""tailWall"": 1.0, ""tent"": 1.0, ""termSpine"": 0.0, ""tipSweep"": 0.75, ""tipTaper"": 0.9, ""wall"": 2.0, ""width"": 69.5, ""widthHeadFront"": 0.75, ""widthMaxPos"": 0.2, ""widthTail"": 0.5, ""widthThoraxFront"": 0.93, ""widthThoraxRear"": 0.4462773070690863}"
52,odontopleurida,0,7,0.7606,,"{""axialSpine"": 0.3042531101471441, ""axisFrac"": 0.28, ""axisRise"": 0.0, ""axisSigma"": 0.55, ""barrelR"": 2.6, ""bladeCamber"": 0.14, ""bladeChord"": 0.9, ""borderWidth"": 0.1, ""boreDia"": 1.95, ""cephFrac"": 0.3521127816963671, ""cephParallel"": 0.05, ""clearance"": 0.3, ""effacement"": 0.0, ""eyeArc"": 180.0, ""eyeHeight"": 1.6, ""eyeLat"": 0.7, ""eyePos"": 0.7, ""eyeProfile"": 4.0, ""eyeShade"": 0.15, ""eyeSize"": 0.11, ""eyeSlope"": 0.0, ""eyeSolid"": 1, ""fulcrum"": 0.55, ""furrowDepth"": 1.2, ""genalCurve"": 10.0, ""genalPath"": ""s**2"", ""genalSpine"": 0.6085062202942882, ""genalSweep"": 0.3, ""genalTaper"": 2.0, ""genalWidth"": 0.12, ""genalWidthMM"": 0.0, ""glabFront"": 2.5, ""glabInflate"": 1.25, ""glabLobes"": 3, ""glabRise"": 0.18, ""headDomeExp"": 1.5, ""headDomeFill"": 0.82, ""headOutlineExp"": 2.15, ""headProngCenter"": 1.0, ""headProngCurl"": 0.0, ""headProngLen"": 0.6, ""headProngSplay"": 30.0, ""headProngStem"": 0.0, ""headProngWidth"": 0.45, ""headProngs"": 0, ""headRearArc"": 0.0, ""headRearExp"": 2.2, ""headRelief"": 1.0, ""headWall"": 1.0, ""length"": 139.0, ""lensD"": 0.16, ""lensGap"": 0.3, ""lensRise"": 0.35, ""macroAmp"": 0.8, ""macroIndex"": -1, ""marginHeight"": 0.14, ""maxAngle"": 18.0, ""nKnuckles"": 3, ""occipitalSpine"": 0.5, ""overlap"": 0.5349362130652997, ""pleuralSlope"": 0.74, ""pygFrac"": 0.20413205958369107, ""pygMarginal"": 6, ""pygMarginalLen"": 0.6845694978310742, ""pygRings"": 4, ""pygSpine"": 0.7606327753678602, ""pygSplay"": 14.0, ""pygWidth"": 0.82, ""relief"": 14.67424143458753, ""ringArch"": 0.22, ""segCount"": 8, ""spineBase"": 0.6085062202942882, ""spineGrad"": 0.3, ""spineSweep"": 40.0, ""tailDomeExp"": 2.0, ""tailProngCenter"": 1.0, ""tailProngCurl"": 0.0, ""tailProngLen"": 0.5, ""tailProngSplay"": 30.0, ""tailProngStem"": 0.0, ""tailProngWidth"": 0.45, ""tailProngs"": 0, ""tailRelief"": 1.0, ""tailWall"": 1.0, ""tent"": 1.0, ""termSpine"": 0.0, ""tipSweep"": 0.75, ""tipTaper"": 0.9, ""wall"": 2.0, ""width"": 69.5, ""widthHeadFront"": 0.75, ""widthMaxPos"": 0.2, ""widthTail"": 0.5, ""widthThoraxFront"": 0.93, ""widthThoraxRear"": 0.7080550426090251}"
53,odontopleurida,0,7,1.4499,,"{""axialSpine"": 0.5799619605039562, ""axisFrac"": 0.28, ""axisRise"": 0.0, ""axisSigma"": 0.55, ""barrelR"": 2.6, ""bladeCamber"": 0.14, ""bladeChord"": 0.9, ""borderWidth"": 0.1, ""boreDia"": 1.95, ""cephFrac"": 0.33984365453286614, ""cephParallel"": 0.05, ""clearance"": 0.3, ""effacement"": 0.0, ""eyeArc"": 180.0, ""eyeHeight"": 1.6, ""eyeLat"": 0.7, ""eyePos"": 0.7, ""eyeProfile"": 4.0, ""eyeShade"": 0.15, ""eyeSize"": 0.11, ""eyeSlope"": 0.0, ""eyeSolid"": 1, ""fulcrum"": 0.55, ""furrowDepth"": 1.2, ""genalCurve"": 10.0, ""genalPath"": ""s**2"", ""genalSpine"": 1.1599239210079124, ""genalSweep"": 0.3, ""genalTaper"": 2.0, ""genalWidth"": 0.12, ""genalWidthMM"": 0.0, ""glabFront"": 2.5, ""glabInflate"": 1.25, ""glabLobes"": 3, ""glabRise"": 0.18, ""headDomeExp"": 1.5, ""headDomeFill"": 0.82, ""headOutlineExp"": 2.15, ""headProngCenter"": 1.0, ""headProngCurl"": 0.0, ""headProngLen"": 0.6, ""headProngSplay"": 30.0, ""headProngStem"": 0.0, ""headProngWidth"": 0.45, ""headProngs"": 0, ""headRearArc"": 0.0, ""headRearExp"": 2.2, ""headRelief"": 1.0, ""headWall"": 1.0, ""length"": 139.0, ""lensD"": 0.16, ""lensGap"": 0.3, ""lensRise"": 0.35, ""macroAmp"": 0.8, ""macroIndex"": -1, ""marginHeight"": 0.14, ""maxAngle"": 18.0, ""nKnuckles"": 3, ""occipitalSpine"": 0.5, ""overlap"": 0.6215289075304573, ""pleuralSlope"": 0.74, ""pygFrac"": 0.1910031790125655, ""pygMarginal"": 6, ""pygMarginalLen"": 1.3049144111339013, ""pygRings"": 4, ""pygSpine"": 1.4499049012598904, ""pygSplay"": 14.0, ""pygWidth"": 0.82, ""relief"": 20.430906570903637, ""ringArch"": 0.22, ""segCount"": 10, ""spineBase"": 1.1599239210079124, ""spineGrad"": 0.3, ""spineSweep"": 40.0, ""tailDomeExp"": 2.0, ""tailProngCenter"": 1.0, ""tailProngCurl"": 0.0, ""tailProngLen"": 0.5, ""tailProngSplay"": 30.0, ""tailProngStem"": 0.0, ""tailProngWidth"": 0.45, ""tailProngs"": 0, ""tailRelief"": 1.0, ""tailWall"": 1.0, ""tent"": 1.0, ""termSpine"": 0.0, ""tipSweep"": 0.75, ""tipTaper"": 0.9, ""wall"": 2.0, ""width"": 69.5, ""widthHeadFront"": 0.75, ""widthMaxPos"": 0.2, ""widthTail"": 0.5, ""widthThoraxFront"": 0.93, ""widthThoraxRear"": 0.5473390328724008}"
54,odontopleurida,0,7,0.1533,,"{""axialSpine"": 0.06130724517736594, ""axisFrac"": 0.28, ""axisRise"": 0.0, ""axisSigma"": 0.55, ""barrelR"": 2.6, ""bladeCamber"": 0.14, ""bladeChord"": 0.9, ""borderWidth"": 0.1, ""boreDia"": 1.95, ""cephFrac"": 0.23314310225918966, ""cephParallel"": 0.05, ""clearance"": 0.3, ""effacement"": 0.0, ""eyeArc"": 180.0, ""eyeHeight"": 1.6, ""eyeLat"": 0.7, ""eyePos"": 0.7, ""eyeProfile"": 4.0, ""eyeShade"": 0.15, ""eyeSize"": 0.11, ""eyeSlope"": 0.0, ""eyeSolid"": 1, ""fulcrum"": 0.55, ""furrowDepth"": 1.2, ""genalCurve"": 10.0, ""genalPath"": ""s**2"", ""genalSpine"": 0.12261449035473188, ""genalSweep"": 0.3, ""genalTaper"": 2.0, ""genalWidth"": 0.12, ""genalWidthMM"": 0.0, ""glabFront"": 2.5, ""glabInflate"": 1.25, ""glabLobes"": 3, ""glabRise"": 0.18, ""headDomeExp"": 1.5, ""headDomeFill"": 0.82, ""headOutlineExp"": 2.15, ""headProngCenter"": 1.0, ""headProngCurl"": 0.0, ""headProngLen"": 0.6, ""headProngSplay"": 30.0, ""headProngStem"": 0.0, ""headProngWidth"": 0.45, ""headProngs"": 0, ""headRearArc"": 0.0, ""headRearExp"": 2.2, ""headRelief"": 1.0, ""headWall"": 1.0, ""length"": 139.0, ""lensD"": 0.16, ""lensGap"": 0.3, ""lensRise"": 0.35, ""macroAmp"": 0.8, ""macroIndex"": -1, ""marginHeight"": 0.14, ""maxAngle"": 18.0, ""nKnuckles"": 3, ""occipitalSpine"": 0.5, ""overlap"": 0.33641874805392025, ""pleuralSlope"": 0.74, ""pygFrac"": 0.16504755172611915, ""pygMarginal"": 6, ""pygMarginalLen"": 0.13794130164907334, ""pygRings"": 4, ""pygSpine"": 0.15326811294341483, ""pygSplay"": 14.0, ""pygWidth"": 0.82, ""relief"": 13.490314648258668, ""ringArch"": 0.22, ""segCount"": 12, ""spineBase"": 0.12261449035473188, ""spineGrad"": 0.3, ""spineSweep"": 40.0, ""tailDomeExp"": 2.0, ""tailProngCenter"": 1.0, ""tailProngCurl"": 0.0, ""tailProngLen"": 0.5, ""tailProngSplay"": 30.0, ""tailProngStem"": 0.0, ""tailProngWidth"": 0.45, ""tailProngs"": 0, ""tailRelief"": 1.0, ""tailWall"": 1.0, ""tent"": 1.0, ""termSpine"": 0.0, ""tipSweep"": 0.75, ""tipTaper"": 0.9, ""wall"": 2.0, ""width"": 69.5, ""widthHeadFront"": 0.75, ""widthMaxPos"": 0.2, ""widthTail"": 0.5, ""widthThoraxFront"": 0.93, ""widthThoraxRear"": 0.8573099133681693}"
55,odontopleurida,0,7,0.271,,"{""axialSpine"": 0.10838951799361998, ""axisFrac"": 0.28, ""axisRise"": 0.0, ""axisSigma"": 0.55, ""barrelR"": 2.6, ""bladeCamber"": 0.14, ""bladeChord"": 0.9, ""borderWidth"": 0.1, ""boreDia"": 1.95, ""cephFrac"": 0.41227349841618777, ""cephParallel"": 0.05, ""clearance"": 0.3, ""effacement"": 0.0, ""eyeArc"": 180.0, ""eyeHeight"": 1.6, ""eyeLat"": 0.7, ""eyePos"": 0.7, ""eyeProfile"": 4.0, ""eyeShade"": 0.15, ""eyeSize"": 0.11, ""eyeSlope"": 0.0, ""eyeSolid"": 1, ""fulcrum"": 0.55, ""furrowDepth"": 1.2, ""genalCurve"": 10.0, ""genalPath"": ""s**2"", ""genalSpine"": 0.21677903598723997, ""genalSweep"": 0.3, ""genalTaper"": 2.0, ""genalWidth"": 0.12, ""genalWidthMM"": 0.0, ""glabFront"": 2.5, ""glabInflate"": 1.25, ""glabLobes"": 3, ""glabRise"": 0.18, ""headDomeExp"": 1.5, ""headDomeFill"": 0.82, ""headOutlineExp"": 2.15, ""headProngCenter"": 1.0, ""headProngCurl"": 0.0, ""headProngLen"": 0.6, ""headProngSplay"": 30.0, ""headProngStem"": 0.0, ""headProngWidth"": 0.45, ""headProngs"": 0, ""headRearArc"": 0.0, ""headRearExp"": 2.2, ""headRelief"": 1.0, ""headWall"": 1.0, ""length"": 139.0, ""lensD"": 0.16, ""lensGap"": 0.3, ""lensRise"": 0.35, ""macroAmp"": 0.8, ""macroIndex"": -1, ""marginHeight"": 0.14, ""maxAngle"": 18.0, ""nKnuckles"": 3, ""occipitalSpine"": 0.5, ""overlap"": 0.40085687270097226, ""pleuralSlope"": 0.74, ""pygFrac"": 0.12620180425824157, ""pygMarginal"": 6, ""pygMarginalLen"": 0.24387641548564495, ""pygRings"": 4, ""pygSpine"": 0.27097379498404994, ""pygSplay"": 14.0, ""pygWidth"": 0.82, ""relief"": 17.744907255154754, ""ringArch"": 0.22, ""segCount"": 11, ""spineBase"": 0.21677903598723997, ""spineGrad"": 0.3, ""spineSweep"": 40.0, ""tailDomeExp"": 2.0, ""tailProngCenter"": 1.0, ""tailProngCurl"": 0.0, ""tailProngLen"": 0.5, ""tailProngSplay"": 30.0, ""tailProngStem"": 0.0, ""tailProngWidth"": 0.45, ""tailProngs"": 0, ""tailRelief"": 1.0, ""tailWall"": 1.0, ""tent"": 1.0, ""termSpine"": 0.0, ""tipSweep"": 0.75, ""tipTaper"": 0.9, ""wall"": 2.0, ""width"": 69.5, ""widthHeadFront"": 0.75, ""widthMaxPos"": 0.2, ""widthTail"": 0.5, ""widthThoraxFront"": 0.93, ""widthThoraxRear"": 0.6493676648102397}"
56,odontopleurida,0,7,0.9492,,"{""axialSpine"": 0.37968404346456774, ""axisFrac"": 0.28, ""axisRise"": 0.0, ""axisSigma"": 0.55, ""barrelR"": 2.6, ""bladeCamber"": 0.14, ""bladeChord"": 0.9, ""borderWidth"": 0.1, ""boreDia"": 1.95, ""cephFrac"": 0.2668457696647691, ""cephParallel"": 0.05, ""clearance"": 0.3, ""effacement"": 0.0, ""eyeArc"": 180.0, ""eyeHeight"": 1.6, ""eyeLat"": 0.7, ""eyePos"": 0.7, ""eyeProfile"": 4.0, ""eyeShade"": 0.15, ""eyeSize"": 0.11, ""eyeSlope"": 0.0, ""eyeSolid"": 1, ""fulcrum"": 0.55, ""furrowDepth"": 1.2, ""genalCurve"": 10.0, ""genalPath"": ""s**2"", ""genalSpine"": 0.7593680869291355, ""genalSweep"": 0.3, ""genalTaper"": 2.0, ""genalWidth"": 0.12, ""genalWidthMM"": 0.0, ""glabFront"": 2.5, ""glabInflate"": 1.25, ""glabLobes"": 3, ""glabRise"": 0.18, ""headDomeExp"": 1.5, ""headDomeFill"": 0.82, ""headOutlineExp"": 2.15, ""headProngCenter"": 1.0, ""headProngCurl"": 0.0, ""headProngLen"": 0.6, ""headProngSplay"": 30.0, ""headProngStem"": 0.0, ""headProngWidth"": 0.45, ""headProngs"": 0, ""headRearArc"": 0.0, ""headRearExp"": 2.2, ""headRelief"": 1.0, ""headWall"": 1.0, ""length"": 139.0, ""lensD"": 0.16, ""lensGap"": 0.3, ""lensRise"": 0.35, ""macroAmp"": 0.8, ""macroIndex"": -1, ""marginHeight"": 0.14, ""maxAngle"": 18.0, ""nKnuckles"": 3, ""occipitalSpine"": 0.5, ""overlap"": 0.2481371275030534, ""pleuralSlope"": 0.74, ""pygFrac"": 0.1395117044216304, ""pygMarginal"": 6, ""pygMarginalLen"": 0.8542890977952774, ""pygRings"": 4, ""pygSpine"": 0.9492101086614193, ""pygSplay"": 14.0, ""pygWidth"": 0.82, ""relief"": 10.716400952891707, ""ringArch"": 0.22, ""segCount"": 9, ""spineBase"": 0.7593680869291355, ""spineGrad"": 0.3, ""spineSweep"": 40.0, ""tailDomeExp"": 2.0, ""tailProngCenter"": 1.0, ""tailProngCurl"": 0.0, ""tailProngLen"": 0.5, ""tailProngSplay"": 30.0, ""tailProngStem"": 0.0, ""tailProngWidth"": 0.45, ""tailProngs"": 0, ""tailRelief"": 1.0, ""tailWall"": 1.0, ""tent"": 1.0, ""termSpine"": 0.0, ""tipSweep"": 0.75, ""tipTaper"": 0.9, ""wall"": 2.0, ""width"": 69.5, ""widthHeadFront"": 0.75, ""widthMaxPos"": 0.2, ""widthTail"": 0.5, ""widthThoraxFront"": 0.93, ""widthThoraxRear"": 0.4196104634730679}"
57,odontopleurida,0,7,0.503,,"{""axialSpine"": 0.20121849415841622, ""axisFrac"": 0.28, ""axisRise"": 0.0, ""axisSigma"": 0.55, ""barrelR"": 2.6, ""bladeCamber"": 0.14, ""bladeChord"": 0.9, ""borderWidth"": 0.1, ""boreDia"": 1.95, ""cephFrac"": 0.28273493177050196, ""cephParallel"": 0.05, ""clearance"": 0.3, ""effacement"": 0.0, ""eyeArc"": 180.0, ""eyeHeight"": 1.6, ""eyeLat"": 0.7, ""eyePos"": 0.7, ""eyeProfile"": 4.0, ""eyeShade"": 0.15, ""eyeSize"": 0.11, ""eyeSlope"": 0.0, ""eyeSolid"": 1, ""fulcrum"": 0.55, ""furrowDepth"": 1.2, ""genalCurve"": 10.0, ""genalPath"": ""s**2"", ""genalSpine"": 0.40243698831683244, ""genalSweep"": 0.3, ""genalTaper"": 2.0, ""genalWidth"": 0.12, ""genalWidthMM"": 0.0, ""glabFront"": 2.5, ""glabInflate"": 1.25, ""glabLobes"": 3, ""glabRise"": 0.18, ""headDomeExp"": 1.5, ""headDomeFill"": 0.82, ""headOutlineExp"": 2.15, ""headProngCenter"": 1.0, ""headProngCurl"": 0.0, ""headProngLen"": 0.6, ""headProngSplay"": 30.0, ""headProngStem"": 0.0, ""headProngWidth"": 0.45, ""headProngs"": 0, ""headRearArc"": 0.0, ""headRearExp"": 2.2, ""headRelief"": 1.0, ""headWall"": 1.0, ""length"": 139.0, ""lensD"": 0.16, ""lensGap"": 0.3, ""lensRise"": 0.35, ""macroAmp"": 0.8, ""macroIndex"": -1, ""marginHeight"": 0.14, ""maxAngle"": 18.0, ""nKnuckles"": 3, ""occipitalSpine"": 0.5, ""overlap"": 0.7554596542802838, ""pleuralSlope"": 0.74, ""pygFrac"": 0.17551506612441437, ""pygMarginal"": 6, ""pygMarginalLen"": 0.4527416118564365, ""pygRings"": 4, ""pygSpine"": 0.5030462353960405, ""pygSplay"": 14.0, ""pygWidth"": 0.82, ""relief"": 16.902321613440893, ""ringArch"": 0.22, ""segCount"": 7, ""spineBase"": 0.40243698831683244, ""spineGrad"": 0.3, ""spineSweep"": 40.0, ""tailDomeExp"": 2.0, ""tailProngCenter"": 1.0, ""tailProngCurl"": 0.0, ""tailProngLen"": 0.5, ""tailProngSplay"": 30.0, ""tailProngStem"": 0.0, ""tailProngWidth"": 0.45, ""tailProngs"": 0, ""tailRelief"": 1.0, ""tailWall"": 1.0, ""tent"": 1.0, ""termSpine"": 0.0, ""tipSweep"": 0.75, ""tipTaper"": 0.9, ""wall"": 2.0, ""width"": 69.5, ""widthHeadFront"": 0.75, ""widthMaxPos"": 0.2, ""widthTail"": 0.5, ""widthThoraxFront"": 0.93, ""widthThoraxRear"": 0.7724001456750476}"
58,odontopleurida,1,7,,,"{""axialSpine"": 0.4, ""axisFrac"": 0.28, ""axisRise"": 0.0, ""axisSigma"": 0.55, ""barrelR"": 2.6, ""bladeCamber"": 0.14, ""bladeChord"": 0.9, ""borderWidth"": 0.1, ""boreDia"": 1.95, ""cephFrac"": 0.32, ""cephParallel"": 0.05, ""clearance"": 0.3, ""effacement"": 0.0, ""eyeArc"": 180.0, ""eyeHeight"": 1.6, ""eyeLat"": 0.7, ""eyePos"": 0.7, ""eyeProfile"": 4.0, ""eyeShade"": 0.15, ""eyeSize"": 0.0, ""eyeSlope"": 0.0, ""eyeSolid"": 1, ""fulcrum"": 0.55, ""furrowDepth"": 1.2, ""genalCurve"": 10.0, ""genalPath"": ""s**2"", ""genalSpine"": 0.8, ""genalSweep"": 0.3, ""genalTaper"": 2.0, ""genalWidth"": 0.12, ""genalWidthMM"": 0.0, ""glabFront"": 2.5, ""glabInflate"": 1.25, ""glabLobes"": 3, ""glabRise"": 0.18, ""headDomeExp"": 1.5, ""headDomeFill"": 0.82, ""headOutlineExp"": 2.15, ""headProngCenter"": 1.0, ""headProngCurl"": 0.0, ""headProngLen"": 0.6, ""headProngSplay"": 30.0, ""headProngStem"": 0.0, ""headProngWidth"": 0.45, ""headProngs"": 0, ""headRearArc"": 0.0, ""headRearExp"": 2.2, ""headRelief"": 1.0, ""headWall"": 1.0, ""length"": 139.0, ""lensD"": 0.16, ""lensGap"": 0.3, ""lensRise"": 0.35, ""macroAmp"": 0.8, ""macroIndex"": -1, ""marginHeight"": 0.14, ""maxAngle"": 18.0, ""nKnuckles"": 3, ""occipitalSpine"": 0.5, ""overlap"": 0.45, ""pleuralSlope"": 0.74, ""pygFrac"": 0.16, ""pygMarginal"": 6, ""pygMarginalLen"": 0.9, ""pygRings"": 4, ""pygSpine"": 1.0, ""pygSplay"": 14.0, ""pygWidth"": 0.82, ""relief"": 17.1, ""ringArch"": 0.22, ""segCount"": 9, ""spineBase"": 0.8, ""spineGrad"": 0.3, ""spineSweep"": 40.0, ""tailDomeExp"": 2.0, ""tailProngCenter"": 1.0, ""tailProngCurl"": 0.0, ""tailProngLen"": 0.5, ""tailProngSplay"": 30.0, ""tailProngStem"": 0.0, ""tailProngWidth"": 0.45, ""tailProngs"": 0, ""tailRelief"": 1.0, ""tailWall"": 1.0, ""tent"": 1.0, ""termSpine"": 0.0, ""tipSweep"": 0.75, ""tipTaper"": 0.9, ""wall"": 2.0, ""width"": 69.5, ""widthHeadFront"": 0.75, ""widthMaxPos"": 0.2, ""widthTail"": 0.5, ""widthThoraxFront"": 0.93, ""widthThoraxRear"": 0.62}"
59,odontopleurida,1,7,,,"{""axialSpine"": 0.4, ""axisFrac"": 0.28, ""axisRise"": 0.0, ""axisSigma"": 0.55, ""barrelR"": 2.6, ""bladeCamber"": 0.14, ""bladeChord"": 0.9, ""borderWidth"": 0.1, ""boreDia"": 1.95, ""cephFrac"": 0.32, ""cephParallel"": 0.05, ""clearance"": 0.3, ""effacement"": 0.0, ""eyeArc"": 180.0, ""eyeHeight"": 1.6, ""eyeLat"": 0.7, ""eyePos"": 0.7, ""eyeProfile"": 4.0, ""eyeShade"": 0.15, ""eyeSize"": 0.45, ""eyeSlope"": 0.0, ""eyeSolid"": 1, ""fulcrum"": 0.55, ""furrowDepth"": 1.2, ""genalCurve"": 10.0, ""genalPath"": ""s**2"", ""genalSpine"": 0.8, ""genalSweep"": 0.3, ""genalTaper"": 2.0, ""genalWidth"": 0.12, ""genalWidthMM"": 0.0, ""glabFront"": 2.5, ""glabInflate"": 1.25, ""glabLobes"": 3, ""glabRise"": 0.18, ""headDomeExp"": 1.5, ""headDomeFill"": 0.82, ""headOutlineExp"": 2.15, ""headProngCenter"": 1.0, ""headProngCurl"": 0.0, ""headProngLen"": 0.6, ""headProngSplay"": 30.0, ""headProngStem"": 0.0, ""headProngWidth"": 0.45, ""headProngs"": 0, ""headRearArc"": 0.0, ""headRearExp"": 2.2, ""headRelief"": 1.0, ""headWall"": 1.0, ""length"": 139.0, ""lensD"": 0.16, ""lensGap"": 0.3, ""lensRise"": 0.35, ""macroAmp"": 0.8, ""macroIndex"": -1, ""marginHeight"": 0.14, ""maxAngle"": 18.0, ""nKnuckles"": 3, ""occipitalSpine"": 0.5, ""overlap"": 0.45, ""pleuralSlope"": 0.74, ""pygFrac"": 0.16, ""pygMarginal"": 6, ""pygMarginalLen"": 0.9, ""pygRings"": 4, ""pygSpine"": 1.0, ""pygSplay"": 14.0, ""pygWidth"": 0.82, ""relief"": 17.1, ""ringArch"": 0.22, ""segCount"": 9, ""spineBase"": 0.8, ""spineGrad"": 0.3, ""spineSweep"": 40.0, ""tailDomeExp"": 2.0, ""tailProngCenter"": 1.0, ""tailProngCurl"": 0.0, ""tailProngLen"": 0.5, ""tailProngSplay"": 30.0, ""tailProngStem"": 0.0, ""tailProngWidth"": 0.45, ""tailProngs"": 0, ""tailRelief"": 1.0, ""tailWall"": 1.0, ""tent"": 1.0, ""termSpine"": 0.0, ""tipSweep"": 0.75, ""tipTaper"": 0.9, ""wall"": 2.0, ""width"": 69.5, ""widthHeadFront"": 0.75, ""widthMaxPos"": 0.2, ""widthTail"": 0.5, ""widthThoraxFront"": 0.93, ""widthThoraxRear"": 0.62}"
60,phacopida,0,7,0.7535,,"{""axialSpine"": 0.0, ""axisFrac"": 0.28, ""axisRise"": 0.0, ""axisSigma"": 0.55, ""barrelR"": 2.6, ""bladeCamber"": 0.14, ""bladeChord"": 1.0, ""borderWidth"": 0.1, ""boreDia"": 1.95, ""cephFrac"": 0.4022539709736079, ""cephParallel"": 0.05, ""clearance"": 0.3, ""effacement"": 0.0, ""eyeArc"": 110.0, ""eyeHeight"": 1.6, ""eyeLat"": 0.55, ""eyePos"": 0.75, ""eyeProfile"": 6.0, ""eyeShade"": 0.0, ""eyeSize"": 0.13, ""eyeSlope"": 15.0, ""eyeSolid"": 1, ""fulcrum"": 0.55, ""furrowDepth"": 1.2, ""genalCurve"": 12.0, ""genalPath"": ""s**2"", ""genalSpine"": 0.0, ""genalSweep"": 0.3, ""genalTaper"": 2.2, ""genalWidth"": 0.12, ""genalWidthMM"": 5.0, ""glabFront"": 2.5, ""glabInflate"": 1.7, ""glabLobes"": 3, ""glabRise"": 0.12, ""headDomeExp"": 1.9, ""headDomeFill"": 0.82, ""headOutlineExp"": 2.15, ""headProngCenter"": 1.0, ""headProngCurl"": 0.0, ""headProngLen"": 0.6, ""headProngSplay"": 30.0, ""headProngStem"": 0.0, ""headProngWidth"": 0.45, ""headProngs"": 0, ""headRearArc"": 0.12, ""headRearExp"": 2.0, ""headRelief"": 1.0, ""headWall"": 1.0, ""length"": 205.0, ""lensD"": 0.16, ""lensGap"": 0.3, ""lensRise"": 0.35, ""macroAmp"": 0.8, ""macroIndex"": -1, ""marginHeight"": 0.14, ""maxAngle"": 18.0, ""nKnuckles"": 3, ""occipitalSpine"": 0.0, ""overlap"": 0.21026989268999996, ""pleuralSlope"": 0.74, ""pygFrac"": 0.2202487008457519, ""pygMarginal"": 0, ""pygMarginalLen"": 0.37674964452011306, ""pygRings"": 7, ""pygSpine"": 0.0, ""pygSplay"": 16.0, ""pygWidth"": 0.82, ""relief"": 16.91786936591667, ""ringArch"": 0.22, ""segCount"": 14, ""spineBase"": 0.0, ""spineGrad"": 0.0, ""spineSweep"": 45.0, ""tailDomeExp"": 2.0, ""tailProngCenter"": 1.0, ""tailProngCurl"": 0.0, ""tailProngLen"": 0.5, ""tailProngSplay"": 30.0, ""tailProngStem"": 0.0, ""tailProngWidth"": 0.45, ""tailProngs"": 0, ""tailRelief"": 1.0, ""tailWall"": 1.0, ""tent"": 1.0, ""termSpine"": 0.0, ""tipSweep"": 0.75, ""tipTaper"": 0.6, ""wall"": 2.0, ""width"": 95.0, ""widthHeadFront"": 0.75, ""widthMaxPos"": 0.2, ""widthTail"": 0.6, ""widthThoraxFront"": 0.93, ""widthThoraxRear"": 0.43601153971266554}"
61,phacopida,0,7,1.0733,,"{""axialSpine"": 0.0, ""axisFrac"": 0.28, ""axisRise"": 0.0, ""axisSigma"": 0.55, ""barrelR"": 2.6, ""bladeCamber"": 0.14, ""bladeChord"": 1.0, ""borderWidth"": 0.1, ""boreDia"": 1.95, ""cephFrac"": 0.3053154930249824, ""cephParallel"": 0.05, ""clearance"": 0.3, ""effacement"": 0.0, ""eyeArc"": 110.0, ""eyeHeight"": 1.6, ""eyeLat"": 0.55, ""eyePos"": 0.75, ""eyeProfile"": 6.0, ""eyeShade"": 0.0, ""eyeSize"": 0.13, ""eyeSlope"": 15.0, ""eyeSolid"": 1, ""fulcrum"": 0.55, ""furrowDepth"": 1.2, ""genalCurve"": 12.0, ""genalPath"": ""s**2"", ""genalSpine"": 0.0, ""genalSweep"": 0.3, ""genalTaper"": 2.2, ""genalWidth"": 0.12, ""genalWidthMM"": 5.0, ""glabFront"": 2.5, ""glabInflate"": 1.7, ""glabLobes"": 3, ""glabRise"": 0.12, ""headDomeExp"": 1.9, ""headDomeFill"": 0.82, ""headOutlineExp"": 2.15, ""headProngCenter"": 1.0, ""headProngCurl"": 0.0, ""headProngLen"": 0.6, ""headProngSplay"": 30.0, ""headProngStem"": 0.0, ""headProngWidth"": 0.45, ""headProngs"": 0, ""headRearArc"": 0.12, ""headRearExp"": 2.0, ""headRelief"": 1.0, ""headWall"": 1.0, ""length"": 205.0, ""lensD"": 0.16, ""lensGap"": 0.3, ""lensRise"": 0.35, ""macroAmp"": 0.8, ""macroIndex"": -1, ""marginHeight"": 0.14, ""maxAngle"": 18.0, ""nKnuckles"": 3, ""occipitalSpine"": 0.0, ""overlap"": 0.5991070955301179, ""pleuralSlope"": 0.74, ""pygFrac"": 0.26055985813894916, ""pygMarginal"": 0, ""pygMarginalLen"": 0.5366368410773179, ""pygRings"": 7, ""pygSpine"": 0.0, ""pygSplay"": 16.0, ""pygWidth"": 0.82, ""relief"": 23.37283055645247, ""ringArch"": 0.22, ""segCount"": 13, ""spineBase"": 0.0, ""spineGrad"": 0.0, ""spineSweep"": 45.0, ""tailDomeExp"": 2.0, ""tailProngCenter"": 1.0, ""tailProngCurl"": 0.0, ""tailProngLen"": 0.5, ""tailProngSplay"": 30.0, ""tailProngStem"": 0.0, ""tailProngWidth"": 0.45, ""tailProngs"": 0, ""tailRelief"": 1.0, ""tailWall"": 1.0, ""tent"": 1.0, ""termSpine"": 0.0, ""tipSweep"": 0.75, ""tipTaper"": 0.6, ""wall"": 2.0, ""width"": 95.0, ""widthHeadFront"": 0.75, ""widthMaxPos"": 0.2, ""widthTail"": 0.6, ""widthThoraxFront"": 0.93, ""widthThoraxRear"": 0.7955187271817004}"
62,phacopida,0,7,0.5051,,"{""axialSpine"": 0.0, ""axisFrac"": 0.28, ""axisRise"": 0.0, ""axisSigma"": 0.55, ""barrelR"": 2.6, ""bladeCamber"": 0.14, ""bladeChord"": 1.0, ""borderWidth"": 0.1, ""boreDia"": 1.95, ""cephFrac"": 0.26696071987707876, ""cephParallel"": 0.05, ""clearance"": 0.3, ""effacement"": 0.0, ""eyeArc"": 110.0, ""eyeHeight"": 1.6, ""eyeLat"": 0.55, ""eyePos"": 0.75, ""eyeProfile"": 6.0, ""eyeShade"": 0.0, ""eyeSize"": 0.13, ""eyeSlope"": 15.0, ""eyeSolid"": 1, ""fulcrum"": 0.55, ""furrowDepth"": 1.2, ""genalCurve"": 12.0, ""genalPath"": ""s**2"", ""genalSpine"": 0.0, ""genalSweep"": 0.3, ""genalTaper"": 2.2, ""genalWidth"": 0.12, ""genalWidthMM"": 5.0, ""glabFront"": 2.5, ""glabInflate"": 1.7, ""glabLobes"": 3, ""glabRise"": 0.12, ""headDomeExp"": 1.9, ""headDomeFill"": 0.82, ""headOutlineExp"": 2.15, ""headProngCenter"": 1.0, ""headProngCurl"": 0.0, ""headProngLen"": 0.6, ""headProngSplay"": 30.0, ""headProngStem"": 0.0, ""headProngWidth"": 0.45, ""headProngs"": 0, ""headRearArc"": 0.12, ""headRearExp"": 2.0, ""headRelief"": 1.0, ""headWall"": 1.0, ""length"": 205.0, ""lensD"": 0.16, ""lensGap"": 0.3, ""lensRise"": 0.35, ""macroAmp"": 0.8, ""macroIndex"": -1, ""marginHeight"": 0.14, ""maxAngle"": 18.0, ""nKnuckles"": 3, ""occipitalSpine"": 0.0, ""overlap"": 0.5576191365042555, ""pleuralSlope"": 0.74, ""pygFrac"": 0.17318822042357274, ""pygMarginal"": 0, ""pygMarginalLen"": 0.2525551008932375, ""pygRings"": 7, ""pygSpine"": 0.0, ""pygSplay"": 16.0, ""pygWidth"": 0.82, ""relief"": 12.054554918416848, ""ringArch"": 0.22, ""segCount"": 9, ""spineBase"": 0.0, ""spineGrad"": 0.0, ""spineSweep"": 45.0, ""tailDomeExp"": 2.0, ""tailProngCenter"": 1.0, ""tailProngCurl"": 0.0, ""tailProngLen"": 0.5, ""tailProngSplay"": 30.0, ""tailProngStem"": 0.0, ""tailProngWidth"": 0.45, ""tailProngs"": 0, ""tailRelief"": 1.0, ""tailWall"": 1.0, ""tent"": 1.0, ""termSpine"": 0.0, ""tipSweep"": 0.75, ""tipTaper"": 0.6, ""wall"": 2.0, ""width"": 95.0, ""widthHeadFront"": 0.75, ""widthMaxPos"": 0.2, ""widthTail"": 0.6, ""widthThoraxFront"": 0.93, ""widthThoraxRear"": 0.6147358742934125}"
63,phacopida,0,7,0.6414,,"{""axialSpine"": 0.0, ""axisFrac"": 0.28, ""axisRise"": 0.0, ""axisSigma"": 0.55, ""barrelR"": 2.6, ""bladeCamber"": 0.14, ""bladeChord"": 1.0, ""borderWidth"": 0.1, ""boreDia"": 1.95, ""cephFrac"": 0.3180199661455034, ""cephParallel"": 0.05, ""clearance"": 0.3, ""effacement"": 0.0, ""eyeArc"": 110.0, ""eyeHeight"": 1.6, ""eyeLat"": 0.55, ""eyePos"": 0.75, ""eyeProfile"": 6.0, ""eyeShade"": 0.0, ""eyeSize"": 0.13, ""eyeSlope"": 15.0, ""eyeSolid"": 1, ""fulcrum"": 0.55, ""furrowDepth"": 1.2, ""genalCurve"": 12.0, ""genalPath"": ""s**2"", ""genalSpine"": 0.0, ""genalSweep"": 0.3, ""genalTaper"": 2.2, ""genalWidth"": 0.12, ""genalWidthMM"": 5.0, ""glabFront"": 2.5, ""glabInflate"": 1.7, ""glabLobes"": 3, ""glabRise"": 0.12, ""headDomeExp"": 1.9, ""headDomeFill"": 0.82, ""headOutlineExp"": 2.15, ""headProngCenter"": 1.0, ""headProngCurl"": 0.0, ""headProngLen"": 0.6, ""headProngSplay"": 30.0, ""headProngStem"": 0.0, ""headProngWidth"": 0.45, ""headProngs"": 0, ""headRearArc"": 0.12, ""headRearExp"": 2.0, ""headRelief"": 1.0, ""headWall"": 1.0, ""length"": 205.0, ""lensD"": 0.16, ""lensGap"": 0.3, ""lensRise"": 0.35, ""macroAmp"": 0.8, ""macroIndex"": -1, ""marginHeight"": 0.14, ""maxAngle"": 18.0, ""nKnuckles"": 3, ""occipitalSpine"": 0.0, ""overlap"": 0.7616058601889171, ""pleuralSlope"": 0.74, ""pygFrac"": 0.24094906367394087, ""pygMarginal"": 0, ""pygMarginalLen"": 0.32072354449189855, ""pygRings"": 7, ""pygSpine"": 0.0, ""pygSplay"": 16.0, ""pygWidth"": 0.82, ""relief"": 18.234257583719597, ""ringArch"": 0.22, ""segCount"": 12, ""spineBase"": 0.0, ""spineGrad"": 0.0, ""spineSweep"": 45.0, ""tailDomeExp"": 2.0, ""tailProngCenter"": 1.0, ""tailProngCurl"": 0.0, ""tailProngLen"": 0.5, ""tailProngSplay"": 30.0, ""tailProngStem"": 0.0, ""tailProngWidth"": 0.45, ""tailProngs"": 0, ""tailRelief"": 1.0, ""tailWall"": 1.0, ""tent"": 1.0, ""termSpine"": 0.0, ""tipSweep"": 0.75, ""tipTaper"": 0.6, ""wall"": 2.0, ""width"": 95.0, ""widthHeadFront"": 0.75, ""widthMaxPos"": 0.2, ""widthTail"": 0.6, ""widthThoraxFront"": 0.93, ""widthThoraxRear"": 0.5573681735853059}"
64,phacopida,0,7,0.3472,,"{""axialSpine"": 0.0, ""axisFrac"": 0.28, ""axisRise"": 0.0, ""axisSigma"": 0.55, ""barrelR"": 2.6, ""bladeCamber"": 0.14, ""bladeChord"": 1.0, ""borderWidth"": 0.1, ""boreDia"": 1.95, ""cephFrac"": 0.4209298960190885, ""cephParallel"": 0.05, ""clearance"": 0.3, ""effacement"": 0.0, ""eyeArc"": 110.0, ""eyeHeight"": 1.6, ""eyeLat"": 0.55, ""eyePos"": 0.75, ""eyeProfile"": 6.0, ""eyeShade"": 0.0, ""eyeSize"": 0.13, ""eyeSlope"": 15.0, ""eyeSolid"": 1, ""fulcrum"": 0.55, ""furrowDepth"": 1.2, ""genalCurve"": 12.0, ""genalPath"": ""s**2"", ""genalSpine"": 0.0, ""genalSweep"": 0.3, ""genalTaper"": 2.2, ""genalWidth"": 0.12, ""genalWidthMM"": 5.0, ""glabFront"": 2.5, ""glabInflate"": 1.7, ""glabLobes"": 3, ""glabRise"": 0.12, ""headDomeExp"": 1.9, ""headDomeFill"": 0.82, ""headOutlineExp"": 2.15, ""headProngCenter"": 1.0, ""headProngCurl"": 0.0, ""headProngLen"": 0.6, ""headProngSplay"": 30.0, ""headProngStem"": 0.0, ""headProngWidth"": 0.45, ""headProngs"": 0, ""headRearArc"": 0.12, ""headRearExp"": 2.0, ""headRelief"": 1.0, ""headWall"": 1.0, ""length"": 205.0, ""lensD"": 0.16, ""lensGap"": 0.3, ""lensRise"": 0.35, ""macroAmp"": 0.8, ""macroIndex"": -1, ""marginHeight"": 0.14, ""maxAngle"": 18.0, ""nKnuckles"": 3, ""occipitalSpine"": 0.0, ""overlap"": 0.3442388136830515, ""pleuralSlope"": 0.74, ""pygFrac"": 0.20007526999504657, ""pygMarginal"": 0, ""pygMarginalLen"": 0.1735763522314422, ""pygRings"": 7, ""pygSpine"": 0.0, ""pygSplay"": 16.0, ""pygWidth"": 0.82, ""relief"": 19.836594536842455, ""ringArch"": 0.22, ""segCount"": 10, ""spineBase"": 0.0, ""spineGrad"": 0.0, ""spineSweep"": 45.0, ""tailDomeExp"": 2.0, ""tailProngCenter"": 1.0, ""tailProngCurl"": 0.0, ""tailProngLen"": 0.5, ""tailProngSplay"": 30.0, ""tailProngStem"": 0.0, ""tailProngWidth"": 0.45, ""tailProngs"": 0, ""tailRelief"": 1.0, ""tailWall"": 1.0, ""tent"": 1.0, ""termSpine"": 0.0, ""tipSweep"": 0.75, ""tipTaper"": 0.6, ""wall"": 2.0, ""width"": 95.0, ""widthHeadFront"": 0.75, ""widthMaxPos"": 0.2, ""widthTail"": 0.6, ""widthThoraxFront"": 0.93, ""widthThoraxRear"": 0.7199393510937884}"
65,phacopida,0,7,1.4542,,"{""axialSpine"": 0.0, ""axisFrac"": 0.28, ""axisRise"": 0.0, ""axisSigma"": 0.55, ""barrelR"": 2.6, ""bladeCamber"": 0.14, ""bladeChord"": 1.0, ""borderWidth"": 0.1, ""boreDia"": 1.95, ""cephFrac"": 0.24522495083663542, ""cephParallel"": 0.05, ""clearance"": 0.3, ""effacement"": 0.0, ""eyeArc"": 110.0, ""eyeHeight"": 1.6, ""eyeLat"": 0.55, ""eyePos"": 0.75, ""eyeProfile"": 6.0, ""eyeShade"": 0.0, ""eyeSize"": 0.13, ""eyeSlope"": 15.0, ""eyeSolid"": 1, ""fulcrum"": 0.55, ""furrowDepth"": 1.2, ""genalCurve"": 12.0, ""genalPath"": ""s**2"", ""genalSpine"": 0.0, ""genalSweep"": 0.3, ""genalTaper"": 2.2, ""genalWidth"": 0.12, ""genalWidthMM"": 5.0, ""glabFront"": 2.5, ""glabInflate"": 1.7, ""glabLobes"": 3, ""glabRise"": 0.12, ""headDomeExp"": 1.9, ""headDomeFill"": 0.82, ""headOutlineExp"": 2.15, ""headProngCenter"": 1.0, ""headProngCurl"": 0.0, ""headProngLen"": 0.6, ""headProngSplay"": 30.0, ""headProngStem"": 0.0, ""headProngWidth"": 0.45, ""headProngs"": 0, ""headRearArc"": 0.12, ""headRearExp"": 2.0, ""headRelief"": 1.0, ""headWall"": 1.0, ""length"": 205.0, ""lensD"": 0.16, ""lensGap"": 0.3, ""lensRise"": 0.35, ""macroAmp"": 0.8, ""macroIndex"": -1, ""marginHeight"": 0.14, ""maxAngle"": 18.0, ""nKnuckles"": 3, ""occipitalSpine"": 0.0, ""overlap"": 0.3992287824445203, ""pleuralSlope"": 0.74, ""pygFrac"": 0.272537109154369, ""pygMarginal"": 0, ""pygMarginalLen"": 0.7270805714859656, ""pygRings"": 7, ""pygSpine"": 0.0, ""pygSplay"": 16.0, ""pygWidth"": 0.82, ""relief"": 15.000472103762894, ""ringArch"": 0.22, ""segCount"": 11, ""spineBase"": 0.0, ""spineGrad"": 0.0, ""spineSweep"": 45.0, ""tailDomeExp"": 2.0, ""tailProngCenter"": 1.0, ""tailProngCurl"": 0.0, ""tailProngLen"": 0.5, ""tailProngSplay"": 30.0, ""tailProngStem"": 0.0, ""tailProngWidth"": 0.45, ""tailProngs"": 0, ""tailRelief"": 1.0, ""tailWall"": 1.0, ""tent"": 1.0, ""termSpine"": 0.0, ""tipSweep"": 0.75, ""tipTaper"": 0.6, ""wall"": 2.0, ""width"": 95.0, ""widthHeadFront"": 0.75, ""widthMaxPos"": 0.2, ""widthTail"": 0.6, ""widthThoraxFront"": 0.93, ""widthThoraxRear"": 0.8472911058886242}"
66,phacopida,0,7,0.0631,"pygMarginalLen: 0.031564181097742144 clamped to [0.1, 1.5]","{""axialSpine"": 0.0, ""axisFrac"": 0.28, ""axisRise"": 0.0, ""axisSigma"": 0.55, ""barrelR"": 2.6, ""bladeCamber"": 0.14, ""bladeChord"": 1.0, ""borderWidth"": 0.1, ""boreDia"": 1.95, ""cephFrac"": 0.3900235865094258, ""cephParallel"": 0.05, ""clearance"": 0.3, ""effacement"": 0.0, ""eyeArc"": 110.0, ""eyeHeight"": 1.6, ""eyeLat"": 0.55, ""eyePos"": 0.75, ""eyeProfile"": 6.0, ""eyeShade"": 0.0, ""eyeSize"": 0.13, ""eyeSlope"": 15.0, ""eyeSolid"": 1, ""fulcrum"": 0.55, ""furrowDepth"": 1.2, ""genalCurve"": 12.0, ""genalPath"": ""s**2"", ""genalSpine"": 0.0, ""genalSweep"": 0.3, ""genalTaper"": 2.2, ""genalWidth"": 0.12, ""genalWidthMM"": 5.0, ""glabFront"": 2.5, ""glabInflate"": 1.7, ""glabLobes"": 3, ""glabRise"": 0.12, ""headDomeExp"": 1.9, ""headDomeFill"": 0.82, ""headOutlineExp"": 2.15, ""headProngCenter"": 1.0, ""headProngCurl"": 0.0, ""headProngLen"": 0.6, ""headProngSplay"": 30.0, ""headProngStem"": 0.0, ""headProngWidth"": 0.45, ""headProngs"": 0, ""headRearArc"": 0.12, ""headRearExp"": 2.0, ""headRelief"": 1.0, ""headWall"": 1.0, ""length"": 205.0, ""lensD"": 0.16, ""lensGap"": 0.3, ""lensRise"": 0.35, ""macroAmp"": 0.8, ""macroIndex"": -1, ""marginHeight"": 0.14, ""maxAngle"": 18.0, ""nKnuckles"": 3, ""occipitalSpine"": 0.0, ""overlap"": 0.4715680085459101, ""pleuralSlope"": 0.74, ""pygFrac"": 0.2136826257456379, ""pygMarginal"": 0, ""pygMarginalLen"": 0.1, ""pygRings"": 7, ""pygSpine"": 0.0, ""pygSplay"": 16.0, ""pygWidth"": 0.82, ""relief"": 10.625652005778795, ""ringArch"": 0.22, ""segCount"": 10, ""spineBase"": 0.0, ""spineGrad"": 0.0, ""spineSweep"": 45.0, ""tailDomeExp"": 2.0, ""tailProngCenter"": 1.0, ""tailProngCurl"": 0.0, ""tailProngLen"": 0.5, ""tailProngSplay"": 30.0, ""tailProngStem"": 0.0, ""tailProngWidth"": 0.45, ""tailProngs"": 0, ""tailRelief"": 1.0, ""tailWall"": 1.0, ""tent"": 1.0, ""termSpine"": 0.0, ""tipSweep"": 0.75, ""tipTaper"": 0.6, ""wall"": 2.0, ""width"": 95.0, ""widthHeadFront"": 0.75, ""widthMaxPos"": 0.2, ""widthTail"": 0.6, ""widthThoraxFront"": 0.93, ""widthThoraxRear"": 0.6620611430767589}"
67,phacopida,0,7,1.1395,,"{""axialSpine"": 0.0, ""axisFrac"": 0.28, ""axisRise"": 0.0, ""axisSigma"": 0.55, ""barrelR"": 2.6, ""bladeCamber"": 0.14, ""bladeChord"": 1.0, ""borderWidth"": 0.1, ""boreDia"": 1.95, ""cephFrac"": 0.3406576779611843, ""cephParallel"": 0.05, ""clearance"": 0.3, ""effacement"": 0.0, ""eyeArc"": 110.0, ""eyeHeight"": 1.6, ""eyeLat"": 0.55, ""eyePos"": 0.75, ""eyeProfile"": 6.0, ""eyeShade"": 0.0, ""eyeSize"": 0.13, ""eyeSlope"": 15.0, ""eyeSolid"": 1, ""fulcrum"": 0.55, ""furrowDepth"": 1.2, ""genalCurve"": 12.0, ""genalPath"": ""s**2"", ""genalSpine"": 0.0, ""genalSweep"": 0.3, ""genalTaper"": 2.2, ""genalWidth"": 0.12, ""genalWidthMM"": 5.0, ""glabFront"": 2.5, ""glabInflate"": 1.7, ""glabLobes"": 3, ""glabRise"": 0.12, ""headDomeExp"": 1.9, ""headDomeFill"": 0.82, ""headOutlineExp"": 2.15, ""headProngCenter"": 1.0, ""headProngCurl"": 0.0, ""headProngLen"": 0.6, ""headProngSplay"": 30.0, ""headProngStem"": 0.0, ""headProngWidth"": 0.45, ""headProngs"": 0, ""headRearArc"": 0.12, ""headRearExp"": 2.0, ""headRelief"": 1.0, ""headWall"": 1.0, ""length"": 205.0, ""lensD"": 0.16, ""lensGap"": 0.3, ""lensRise"": 0.35, ""macroAmp"": 0.8, ""macroIndex"": -1, ""marginHeight"": 0.14, ""maxAngle"": 18.0, ""nKnuckles"": 3, ""occipitalSpine"": 0.0, ""overlap"": 0.7075768344535491, ""pleuralSlope"": 0.74, ""pygFrac"": 0.1607041524532083, ""pygMarginal"": 0, ""pygMarginalLen"": 0.5697654346628729, ""pygRings"": 7, ""pygSpine"": 0.0, ""pygSplay"": 16.0, ""pygWidth"": 0.82, ""relief"": 22.15023877778033, ""ringArch"": 0.22, ""segCount"": 8, ""spineBase"": 0.0, ""spineGrad"": 0.0, ""spineSweep"": 45.0, ""tailDomeExp"": 2.0, ""tailProngCenter"": 1.0, ""tailProngCurl"": 0.0, ""tailProngLen"": 0.5, ""tailProngSplay"": 30.0, ""tailProngStem"": 0.0, ""tailProngWidth"": 0.45, ""tailProngs"": 0, ""tailRelief"": 1.0, ""tailWall"": 1.0, ""tent"": 1.0, ""termSpine"": 0.0, ""tipSweep"": 0.75, ""tipTaper"": 0.6, ""wall"": 2.0, ""width"": 95.0, ""widthHeadFront"": 0.75, ""widthMaxPos"": 0.2, ""widthTail"": 0.6, ""widthThoraxFront"": 0.93, ""widthThoraxRear"": 0.4073492029584018}"
68,phacopida,1,7,,,"{""axialSpine"": 0.0, ""axisFrac"": 0.28, ""axisRise"": 0.0, ""axisSigma"": 0.55, ""barrelR"": 2.6, ""bladeCamber"": 0.14, ""bladeChord"": 1.0, ""borderWidth"": 0.1, ""boreDia"": 1.95, ""cephFrac"": 0.34, ""cephParallel"": 0.05, ""clearance"": 0.3, ""effacement"": 0.0, ""eyeArc"": 110.0, ""eyeHeight"": 1.6, ""eyeLat"": 0.55, ""eyePos"": 0.75, ""eyeProfile"": 6.0, ""eyeShade"": 0.0, ""eyeSize"": 0.0, ""eyeSlope"": 15.0, ""eyeSolid"": 1, ""fulcrum"": 0.55, ""furrowDepth"": 1.2, ""genalCurve"": 12.0, ""genalPath"": ""s**2"", ""genalSpine"": 0.0, ""genalSweep"": 0.3, ""genalTaper"": 2.2, ""genalWidth"": 0.12, ""genalWidthMM"": 5.0, ""glabFront"": 2.5, ""glabInflate"": 1.7, ""glabLobes"": 3, ""glabRise"": 0.12, ""headDomeExp"": 1.9, ""headDomeFill"": 0.82, ""headOutlineExp"": 2.15, ""headProngCenter"": 1.0, ""headProngCurl"": 0.0, ""headProngLen"": 0.6, ""headProngSplay"": 30.0, ""headProngStem"": 0.0, ""headProngWidth"": 0.45, ""headProngs"": 0, ""headRearArc"": 0.12, ""headRearExp"": 2.0, ""headRelief"": 1.0, ""headWall"": 1.0, ""length"": 205.0, ""lensD"": 0.16, ""lensGap"": 0.3, ""lensRise"": 0.35, ""macroAmp"": 0.8, ""macroIndex"": -1, ""marginHeight"": 0.14, ""maxAngle"": 18.0, ""nKnuckles"": 3, ""occipitalSpine"": 0.0, ""overlap"": 0.45, ""pleuralSlope"": 0.74, ""pygFrac"": 0.22, ""pygMarginal"": 0, ""pygMarginalLen"": 0.5, ""pygRings"": 7, ""pygSpine"": 0.0, ""pygSplay"": 16.0, ""pygWidth"": 0.82, ""relief"": 17.1, ""ringArch"": 0.22, ""segCount"": 11, ""spineBase"": 0.0, ""spineGrad"": 0.0, ""spineSweep"": 45.0, ""tailDomeExp"": 2.0, ""tailProngCenter"": 1.0, ""tailProngCurl"": 0.0, ""tailProngLen"": 0.5, ""tailProngSplay"": 30.0, ""tailProngStem"": 0.0, ""tailProngWidth"": 0.45, ""tailProngs"": 0, ""tailRelief"": 1.0, ""tailWall"": 1.0, ""tent"": 1.0, ""termSpine"": 0.0, ""tipSweep"": 0.75, ""tipTaper"": 0.6, ""wall"": 2.0, ""width"": 95.0, ""widthHeadFront"": 0.75, ""widthMaxPos"": 0.2, ""widthTail"": 0.6, ""widthThoraxFront"": 0.93, ""widthThoraxRear"": 0.62}"
69,phacopida,1,7,,,"{""axialSpine"": 0.0, ""axisFrac"": 0.28, ""axisRise"": 0.0, ""axisSigma"": 0.55, ""barrelR"": 2.6, ""bladeCamber"": 0.14, ""bladeChord"": 1.0, ""borderWidth"": 0.1, ""boreDia"": 1.95, ""cephFrac"": 0.34, ""cephParallel"": 0.05, ""clearance"": 0.3, ""effacement"": 0.0, ""eyeArc"": 110.0, ""eyeHeight"": 1.6, ""eyeLat"": 0.55, ""eyePos"": 0.75, ""eyeProfile"": 6.0, ""eyeShade"": 0.0, ""eyeSize"": 0.45, ""eyeSlope"": 15.0, ""eyeSolid"": 1, ""fulcrum"": 0.55, ""furrowDepth"": 1.2, ""genalCurve"": 12.0, ""genalPath"": ""s**2"", ""genalSpine"": 0.0, ""genalSweep"": 0.3, ""genalTaper"": 2.2, ""genalWidth"": 0.12, ""genalWidthMM"": 5.0, ""glabFront"": 2.5, ""glabInflate"": 1.7, ""glabLobes"": 3, ""glabRise"": 0.12, ""headDomeExp"": 1.9, ""headDomeFill"": 0.82, ""headOutlineExp"": 2.15, ""headProngCenter"": 1.0, ""headProngCurl"": 0.0, ""headProngLen"": 0.6, ""headProngSplay"": 30.0, ""headProngStem"": 0.0, ""headProngWidth"": 0.45, ""headProngs"": 0, ""headRearArc"": 0.12, ""headRearExp"": 2.0, ""headRelief"": 1.0, ""headWall"": 1.0, ""length"": 205.0, ""lensD"": 0.16, ""lensGap"": 0.3, ""lensRise"": 0.35, ""macroAmp"": 0.8, ""macroIndex"": -1, ""marginHeight"": 0.14, ""maxAngle"": 18.0, ""nKnuckles"": 3, ""occipitalSpine"": 0.0, ""overlap"": 0.45, ""pleuralSlope"": 0.74, ""pygFrac"": 0.22, ""pygMarginal"": 0, ""pygMarginalLen"": 0.5, ""pygRings"": 7, ""pygSpine"": 0.0, ""pygSplay"": 16.0, ""pygWidth"": 0.82, ""relief"": 17.1, ""ringArch"": 0.22, ""segCount"": 11, ""spineBase"": 0.0, ""spineGrad"": 0.0, ""spineSweep"": 45.0, ""tailDomeExp"": 2.0, ""tailProngCenter"": 1.0, ""tailProngCurl"": 0.0, ""tailProngLen"": 0.5, ""tailProngSplay"": 30.0, ""tailProngStem"": 0.0, ""tailProngWidth"": 0.45, ""tailProngs"": 0, ""tailRelief"": 1.0, ""tailWall"": 1.0, ""tent"": 1.0, ""termSpine"": 0.0, ""tipSweep"": 0.75, ""tipTaper"": 0.6, ""wall"": 2.0, ""width"": 95.0, ""widthHeadFront"": 0.75, ""widthMaxPos"": 0.2, ""widthTail"": 0.6, ""widthThoraxFront"": 0.93, ""widthThoraxRear"": 0.62}"
70,proetida,0,7,0.8478,,"{""axialSpine"": 0.0, ""axisFrac"": 0.28, ""axisRise"": 0.0, ""axisSigma"": 0.55, ""barrelR"": 2.6, ""bladeCamber"": 0.14, ""bladeChord"": 0.9, ""borderWidth"": 0.12, ""boreDia"": 1.95, ""cephFrac"": 0.34689896651807733, ""cephParallel"": 0.05, ""clearance"": 0.3, ""effacement"": 0.0, ""eyeArc"": 150.0, ""eyeHeight"": 0.85, ""eyeLat"": 0.0, ""eyePos"": 0.55, ""eyeProfile"": 4.0, ""eyeShade"": 0.0, ""eyeSize"": 0.16, ""eyeSlope"": 15.0, ""eyeSolid"": 0, ""fulcrum"": 0.55, ""furrowDepth"": 1.2, ""genalCurve"": 12.0, ""genalPath"": ""s**2"", ""genalSpine"": 0.16956450391871158, ""genalSweep"": 0.3, ""genalTaper"": 2.2, ""genalWidth"": 0.12, ""genalWidthMM"": 3.0, ""glabFront"": 2.5, ""glabInflate"": 1.15, ""glabLobes"": 3, ""glabRise"": 0.18, ""headDomeExp"": 1.5, ""headDomeFill"": 0.82, ""headOutlineExp"": 2.15, ""headProngCenter"": 1.0, ""headProngCurl"": 0.0, ""headProngLen"": 0.6, ""headProngSplay"": 30.0, ""headProngStem"": 0.0, ""headProngWidth"": 0.45, ""headProngs"": 0, ""headRearArc"": 0.12, ""headRearExp"": 2.0, ""headRelief"": 1.0, ""headWall"": 1.0, ""length"": 158.0, ""lensD"": 0.16, ""lensGap"": 0.3, ""lensRise"": 0.35, ""macroAmp"": 0.8, ""macroIndex"": -1, ""marginHeight"": 0.14, ""maxAngle"": 18.0, ""nKnuckles"": 3, ""occipitalSpine"": 0.0, ""overlap"": 0.2950686361040398, ""pleuralSlope"": 0.74, ""pygFrac"": 0.26480870904658715, ""pygMarginal"": 0, ""pygMarginalLen"": 0.4239112597967789, ""pygRings"": 6, ""pygSpine"": 0.0, ""pygSplay"": 16.0, ""pygWidth"": 0.95, ""relief"": 22.72249123955682, ""ringArch"": 0.22, ""segCount"": 10, ""spineBase"": 0.0, ""spineGrad"": 0.0, ""spineSweep"": 45.0, ""tailDomeExp"": 2.0, ""tailProngCenter"": 1.0, ""tailProngCurl"": 0.0, ""tailProngLen"": 0.5, ""tailProngSplay"": 30.0, ""tailProngStem"": 0.0, ""tailProngWidth"": 0.45, ""tailProngs"": 0, ""tailRelief"": 1.0, ""tailWall"": 1.0, ""tent"": 1.0, ""termSpine"": 0.0, ""tipSweep"": 0.75, ""tipTaper"": 0.8, ""wall"": 2.0, ""width"": 72.0, ""widthHeadFront"": 0.75, ""widthMaxPos"": 0.2, ""widthTail"": 0.55, ""widthThoraxFront"": 0.93, ""widthThoraxRear"": 0.4694793940281452}"
71,proetida,0,7,1.1942,,"{""axialSpine"": 0.0, ""axisFrac"": 0.28, ""axisRise"": 0.0, ""axisSigma"": 0.55, ""barrelR"": 2.6, ""bladeCamber"": 0.14, ""bladeChord"": 0.9, ""borderWidth"": 0.12, ""boreDia"": 1.95, ""cephFrac"": 0.3736707730362872, ""cephParallel"": 0.05, ""clearance"": 0.3, ""effacement"": 0.0, ""eyeArc"": 150.0, ""eyeHeight"": 0.85, ""eyeLat"": 0.0, ""eyePos"": 0.55, ""eyeProfile"": 4.0, ""eyeShade"": 0.0, ""eyeSize"": 0.16, ""eyeSlope"": 15.0, ""eyeSolid"": 0, ""fulcrum"": 0.55, ""furrowDepth"": 1.2, ""genalCurve"": 12.0, ""genalPath"": ""s**2"", ""genalSpine"": 0.23883767809806586, ""genalSweep"": 0.3, ""genalTaper"": 2.2, ""genalWidth"": 0.12, ""genalWidthMM"": 3.0, ""glabFront"": 2.5, ""glabInflate"": 1.15, ""glabLobes"": 3, ""glabRise"": 0.18, ""headDomeExp"": 1.5, ""headDomeFill"": 0.82, ""headOutlineExp"": 2.15, ""headProngCenter"": 1.0, ""headProngCurl"": 0.0, ""headProngLen"": 0.6, ""headProngSplay"": 30.0, ""headProngStem"": 0.0, ""headProngWidth"": 0.45, ""headProngs"": 0, ""headRearArc"": 0.12, ""headRearExp"": 2.0, ""headRelief"": 1.0, ""headWall"": 1.0, ""length"": 158.0, ""lensD"": 0.16, ""lensGap"": 0.3, ""lensRise"": 0.35, ""macroAmp"": 0.8, ""macroIndex"": -1, ""marginHeight"": 0.14, ""maxAngle"": 18.0, ""nKnuckles"": 3, ""occipitalSpine"": 0.0, ""overlap"": 0.49544148735747184, ""pleuralSlope"": 0.74, ""pygFrac"": 0.19904857834074746, ""pygMarginal"": 0, ""pygMarginalLen"": 0.5970941952451646, ""pygRings"": 6, ""pygSpine"": 0.0, ""pygSplay"": 16.0, ""pygWidth"": 0.95, ""relief"": 15.912389800859962, ""ringArch"": 0.22, ""segCount"": 8, ""spineBase"": 0.0, ""spineGrad"": 0.0, ""spineSweep"": 45.0, ""tailDomeExp"": 2.0, ""tailProngCenter"": 1.0, ""tailProngCurl"": 0.0, ""tailProngLen"": 0.5, ""tailProngSplay"": 30.0, ""tailProngStem"": 0.0, ""tailProngWidth"": 0.45, ""tailProngs"": 0, ""tailRelief"": 1.0, ""tailWall"": 1.0, ""tent"": 1.0, ""termSpine"": 0.0, ""tipSweep"": 0.75, ""tipTaper"": 0.8, ""wall"": 2.0, ""width"": 72.0, ""widthHeadFront"": 0.75, ""widthMaxPos"": 0.2, ""widthTail"": 0.55, ""widthThoraxFront"": 0.93, ""widthThoraxRear"": 0.6514169912203753}"
72,proetida,0,7,0.705,,"{""axialSpine"": 0.0, ""axisFrac"": 0.28, ""axisRise"": 0.0, ""axisSigma"": 0.55, ""barrelR"": 2.6, ""bladeCamber"": 0.14, ""bladeChord"": 0.9, ""borderWidth"": 0.12, ""boreDia"": 1.95, ""cephFrac"": 0.24970559392633646, ""cephParallel"": 0.05, ""clearance"": 0.3, ""effacement"": 0.0, ""eyeArc"": 150.0, ""eyeHeight"": 0.85, ""eyeLat"": 0.0, ""eyePos"": 0.55, ""eyeProfile"": 4.0, ""eyeShade"": 0.0, ""eyeSize"": 0.16, ""eyeSlope"": 15.0, ""eyeSolid"": 0, ""fulcrum"": 0.55, ""furrowDepth"": 1.2, ""genalCurve"": 12.0, ""genalPath"": ""s**2"", ""genalSpine"": 0.14100157609121436, ""genalSweep"": 0.3, ""genalTaper"": 2.2, ""genalWidth"": 0.12, ""genalWidthMM"": 3.0, ""glabFront"": 2.5, ""glabInflate"": 1.15, ""glabLobes"": 3, ""glabRise"": 0.18, ""headDomeExp"": 1.5, ""headDomeFill"": 0.82, ""headOutlineExp"": 2.15, ""headProngCenter"": 1.0, ""headProngCurl"": 0.0, ""headProngLen"": 0.6, ""headProngSplay"": 30.0, ""headProngStem"": 0.0, ""headProngWidth"": 0.45, ""headProngs"": 0, ""headRearArc"": 0.12, ""headRearExp"": 2.0, ""headRelief"": 1.0, ""headWall"": 1.0, ""length"": 158.0, ""lensD"": 0.16, ""lensGap"": 0.3, ""lensRise"": 0.35, ""macroAmp"": 0.8, ""macroIndex"": -1, ""marginHeight"": 0.14, ""maxAngle"": 18.0, ""nKnuckles"": 3, ""occipitalSpine"": 0.0, ""overlap"": 0.3701403481319201, ""pleuralSlope"": 0.74, ""pygFrac"": 0.18057166974130595, ""pygMarginal"": 0, ""pygMarginalLen"": 0.3525039402280359, ""pygRings"": 6, ""pygSpine"": 0.0, ""pygSplay"": 16.0, ""pygWidth"": 0.95, ""relief"": 13.811699525979492, ""ringArch"": 0.22, ""segCount"": 11, ""spineBase"": 0.0, ""spineGrad"": 0.0, ""spineSweep"": 45.0, ""tailDomeExp"": 2.0, ""tailProngCenter"": 1.0, ""tailProngCurl"": 0.0, ""tailProngLen"": 0.5, ""tailProngSplay"": 30.0, ""tailProngStem"": 0.0, ""tailProngWidth"": 0.45, ""tailProngs"": 0, ""tailRelief"": 1.0, ""tailWall"": 1.0, ""tent"": 1.0, ""termSpine"": 0.0, ""tipSweep"": 0.75, ""tipTaper"": 0.8, ""wall"": 2.0, ""width"": 72.0, ""widthHeadFront"": 0.75, ""widthMaxPos"": 0.2, ""widthTail"": 0.55, ""widthThoraxFront"": 0.93, ""widthThoraxRear"": 0.6866567294016961}"
73,proetida,0,7,1.3262,,"{""axialSpine"": 0.0, ""axisFrac"": 0.28, ""axisRise"": 0.0, ""axisSigma"": 0.55, ""barrelR"": 2.6, ""bladeCamber"": 0.14, ""bladeChord"": 0.9, ""borderWidth"": 0.12, ""boreDia"": 1.95, ""cephFrac"": 0.2911822121877878, ""cephParallel"": 0.05, ""clearance"": 0.3, ""effacement"": 0.0, ""eyeArc"": 150.0, ""eyeHeight"": 0.85, ""eyeLat"": 0.0, ""eyePos"": 0.55, ""eyeProfile"": 4.0, ""eyeShade"": 0.0, ""eyeSize"": 0.16, ""eyeSlope"": 15.0, ""eyeSolid"": 0, ""fulcrum"": 0.55, ""furrowDepth"": 1.2, ""genalCurve"": 12.0, ""genalPath"": ""s**2"", ""genalSpine"": 0.2652457123804807, ""genalSweep"": 0.3, ""genalTaper"": 2.2, ""genalWidth"": 0.12, ""genalWidthMM"": 3.0, ""glabFront"": 2.5, ""glabInflate"": 1.15, ""glabLobes"": 3, ""glabRise"": 0.18, ""headDomeExp"": 1.5, ""headDomeFill"": 0.82, ""headOutlineExp"": 2.15, ""headProngCenter"": 1.0, ""headProngCurl"": 0.0, ""headProngLen"": 0.6, ""headProngSplay"": 30.0, ""headProngStem"": 0.0, ""headProngWidth"": 0.45, ""headProngs"": 0, ""headRearArc"": 0.12, ""headRearExp"": 2.0, ""headRelief"": 1.0, ""headWall"": 1.0, ""length"": 158.0, ""lensD"": 0.16, ""lensGap"": 0.3, ""lensRise"": 0.35, ""macroAmp"": 0.8, ""macroIndex"": -1, ""marginHeight"": 0.14, ""maxAngle"": 18.0, ""nKnuckles"": 3, ""occipitalSpine"": 0.0, ""overlap"": 0.7026804408532894, ""pleuralSlope"": 0.74, ""pygFrac"": 0.2109748000578482, ""pygMarginal"": 0, ""pygMarginalLen"": 0.6631142809512017, ""pygRings"": 6, ""pygSpine"": 0.0, ""pygSplay"": 16.0, ""pygWidth"": 0.95, ""relief"": 10.635354541180476, ""ringArch"": 0.22, ""segCount"": 12, ""spineBase"": 0.0, ""spineGrad"": 0.0, ""spineSweep"": 45.0, ""tailDomeExp"": 2.0, ""tailProngCenter"": 1.0, ""tailProngCurl"": 0.0, ""tailProngLen"": 0.5, ""tailProngSplay"": 30.0, ""tailProngStem"": 0.0, ""tailProngWidth"": 0.45, ""tailProngs"": 0, ""tailRelief"": 1.0, ""tailWall"": 1.0, ""tent"": 1.0, ""termSpine"": 0.0, ""tipSweep"": 0.75, ""tipTaper"": 0.8, ""wall"": 2.0, ""width"": 72.0, ""widthHeadFront"": 0.75, ""widthMaxPos"": 0.2, ""widthTail"": 0.55, ""widthThoraxFront"": 0.93, ""widthThoraxRear"": 0.813742211707028}"
74,proetida,0,7,0.4247,,"{""axialSpine"": 0.0, ""axisFrac"": 0.28, ""axisRise"": 0.0, ""axisSigma"": 0.55, ""barrelR"": 2.6, ""bladeCamber"": 0.14, ""bladeChord"": 0.9, ""borderWidth"": 0.12, ""boreDia"": 1.95, ""cephFrac"": 0.217037930397309, ""cephParallel"": 0.05, ""clearance"": 0.3, ""effacement"": 0.0, ""eyeArc"": 150.0, ""eyeHeight"": 0.85, ""eyeLat"": 0.0, ""eyePos"": 0.55, ""eyeProfile"": 4.0, ""eyeShade"": 0.0, ""eyeSize"": 0.16, ""eyeSlope"": 15.0, ""eyeSolid"": 0, ""fulcrum"": 0.55, ""furrowDepth"": 1.2, ""genalCurve"": 12.0, ""genalPath"": ""s**2"", ""genalSpine"": 0.08493474608156007, ""genalSweep"": 0.3, ""genalTaper"": 2.2, ""genalWidth"": 0.12, ""genalWidthMM"": 3.0, ""glabFront"": 2.5, ""glabInflate"": 1.15, ""glabLobes"": 3, ""glabRise"": 0.18, ""headDomeExp"": 1.5, ""headDomeFill"": 0.82, ""headOutlineExp"": 2.15, ""headProngCenter"": 1.0, ""headProngCurl"": 0.0, ""headProngLen"": 0.6, ""headProngSplay"": 30.0, ""headProngStem"": 0.0, ""headProngWidth"": 0.45, ""headProngs"": 0, ""headRearArc"": 0.12, ""headRearExp"": 2.0, ""headRelief"": 1.0, ""headWall"": 1.0, ""length"": 158.0, ""lensD"": 0.16, ""lensGap"": 0.3, ""lensRise"": 0.35, ""macroAmp"": 0.8, ""macroIndex"": -1, ""marginHeight"": 0.14, ""maxAngle"": 18.0, ""nKnuckles"": 3, ""occipitalSpine"": 0.0, ""overlap"": 0.7347164934982393, ""pleuralSlope"": 0.74, ""pygFrac"": 0.222476140145722, ""pygMarginal"": 0, ""pygMarginalLen"": 0.21233686520390016, ""pygRings"": 6, ""pygSpine"": 0.0, ""pygSplay"": 16.0, ""pygWidth"": 0.95, ""relief"": 19.27359165211087, ""ringArch"": 0.22, ""segCount"": 9, ""spineBase"": 0.0, ""spineGrad"": 0.0, ""spineSweep"": 45.0, ""tailDomeExp"": 2.0, ""tailProngCenter"": 1.0, ""tailProngCurl"": 0.0, ""tailProngLen"": 0.5, ""tailProngSplay"": 30.0, ""tailProngStem"": 0.0, ""tailProngWidth"": 0.45, ""tailProngs"": 0, ""tailRelief"": 1.0, ""tailWall"": 1.0, ""tent"": 1.0, ""termSpine"": 0.0, ""tipSweep"": 0.75, ""tipTaper"": 0.8, ""wall"": 2.0, ""width"": 72.0, ""widthHeadFront"": 0.75, ""widthMaxPos"": 0.2, ""widthTail"": 0.55, ""widthThoraxFront"": 0.93, ""widthThoraxRear"": 0.42685632638983007}"
75,proetida,0,7,0.1524,"pygMarginalLen: 0.07618526112395324 clamped to [0.1, 1.5]","{""axialSpine"": 0.0, ""axisFrac"": 0.28, ""axisRise"": 0.0, ""axisSigma"": 0.55, ""barrelR"": 2.6, ""bladeCamber"": 0.14, ""bladeChord"": 0.9, ""borderWidth"": 0.12, ""boreDia"": 1.95, ""cephFrac"": 0.2691503372877176, ""cephParallel"": 0.05, ""clearance"": 0.3, ""effacement"": 0.0, ""eyeArc"": 150.0, ""eyeHeight"": 0.85, ""eyeLat"": 0.0, ""eyePos"": 0.55, ""eyeProfile"": 4.0, ""eyeShade"": 0.0, ""eyeSize"": 0.16, ""eyeSlope"": 15.0, ""eyeSolid"": 0, ""fulcrum"": 0.55, ""furrowDepth"": 1.2, ""genalCurve"": 12.0, ""genalPath"": ""s**2"", ""genalSpine"": 0.030474104449581298, ""genalSweep"": 0.3, ""genalTaper"": 2.2, ""genalWidth"": 0.12, ""genalWidthMM"": 3.0, ""glabFront"": 2.5, ""glabInflate"": 1.15, ""glabLobes"": 3, ""glabRise"": 0.18, ""headDomeExp"": 1.5, ""headDomeFill"": 0.82, ""headOutlineExp"": 2.15, ""headProngCenter"": 1.0, ""headProngCurl"": 0.0, ""headProngLen"": 0.6, ""headProngSplay"": 30.0, ""headProngStem"": 0.0, ""headProngWidth"": 0.45, ""headProngs"": 0, ""headRearArc"": 0.12, ""headRearExp"": 2.0, ""headRelief"": 1.0, ""headWall"": 1.0, ""length"": 158.0, ""lensD"": 0.16, ""lensGap"": 0.3, ""lensRise"": 0.35, ""macroAmp"": 0.8, ""macroIndex"": -1, ""marginHeight"": 0.14, ""maxAngle"": 18.0, ""nKnuckles"": 3, ""occipitalSpine"": 0.0, ""overlap"": 0.6361276901905875, ""pleuralSlope"": 0.74, ""pygFrac"": 0.29333243973084355, ""pygMarginal"": 0, ""pygMarginalLen"": 0.1, ""pygRings"": 6, ""pygSpine"": 0.0, ""pygSplay"": 16.0, ""pygWidth"": 0.95, ""relief"": 17.395777182685325, ""ringArch"": 0.22, ""segCount"": 7, ""spineBase"": 0.0, ""spineGrad"": 0.0, ""spineSweep"": 45.0, ""tailDomeExp"": 2.0, ""tailProngCenter"": 1.0, ""tailProngCurl"": 0.0, ""tailProngLen"": 0.5, ""tailProngSplay"": 30.0, ""tailProngStem"": 0.0, ""tailProngWidth"": 0.45, ""tailProngs"": 0, ""tailRelief"": 1.0, ""tailWall"": 1.0, ""tent"": 1.0, ""termSpine"": 0.0, ""tipSweep"": 0.75, ""tipTaper"": 0.8, ""wall"": 2.0, ""width"": 72.0, ""widthHeadFront"": 0.75, ""widthMaxPos"": 0.2, ""widthTail"": 0.55, ""widthThoraxFront"": 0.93, ""widthThoraxRear"": 0.7733974263456331}"
76,proetida,0,7,0.2755,,"{""axialSpine"": 0.0, ""axisFrac"": 0.28, ""axisRise"": 0.0, ""axisSigma"": 0.55, ""barrelR"": 2.6, ""bladeCamber"": 0.14, ""bladeChord"": 0.9, ""borderWidth"": 0.12, ""boreDia"": 1.95, ""cephFrac"": 0.3327309822095026, ""cephParallel"": 0.05, ""clearance"": 0.3, ""effacement"": 0.0, ""eyeArc"": 150.0, ""eyeHeight"": 0.85, ""eyeLat"": 0.0, ""eyePos"": 0.55, ""eyeProfile"": 4.0, ""eyeShade"": 0.0, ""eyeSize"": 0.16, ""eyeSlope"": 15.0, ""eyeSolid"": 0, ""fulcrum"": 0.55, ""furrowDepth"": 1.2, ""genalCurve"": 12.0, ""genalPath"": ""s**2"", ""genalSpine"": 0.0551083583451315, ""genalSweep"": 0.3, ""genalTaper"": 2.2, ""genalWidth"": 0.12, ""genalWidthMM"": 3.0, ""glabFront"": 2.5, ""glabInflate"": 1.15, ""glabLobes"": 3, ""glabRise"": 0.18, ""headDomeExp"": 1.5, ""headDomeFill"": 0.82, ""headOutlineExp"": 2.15, ""headProngCenter"": 1.0, ""headProngCurl"": 0.0, ""headProngLen"": 0.6, ""headProngSplay"": 30.0, ""headProngStem"": 0.0, ""headProngWidth"": 0.45, ""headProngs"": 0, ""headRearArc"": 0.12, ""headRearExp"": 2.0, ""headRelief"": 1.0, ""headWall"": 1.0, ""length"": 158.0, ""lensD"": 0.16, ""lensGap"": 0.3, ""lensRise"": 0.35, ""macroAmp"": 0.8, ""macroIndex"": -1, ""marginHeight"": 0.14, ""maxAngle"": 18.0, ""nKnuckles"": 3, ""occipitalSpine"": 0.0, ""overlap"": 0.20881925084132327, ""pleuralSlope"": 0.74, ""pygFrac"": 0.2528448071293764, ""pygMarginal"": 0, ""pygMarginalLen"": 0.13777089586282876, ""pygRings"": 6, ""pygSpine"": 0.0, ""pygSplay"": 16.0, ""pygWidth"": 0.95, ""relief"": 12.077842371966232, ""ringArch"": 0.22, ""segCount"": 7, ""spineBase"": 0.0, ""spineGrad"": 0.0, ""spineSweep"": 45.0, ""tailDomeExp"": 2.0, ""tailProngCenter"": 1.0, ""tailProngCurl"": 0.0, ""tailProngLen"": 0.5, ""tailProngSplay"": 30.0, ""tailProngStem"": 0.0, ""tailProngWidth"": 0.45, ""tailProngs"": 0, ""tailRelief"": 1.0, ""tailWall"": 1.0, ""tent"": 1.0, ""termSpine"": 0.0, ""tipSweep"": 0.75, ""tipTaper"": 0.8, ""wall"": 2.0, ""width"": 72.0, ""widthHeadFront"": 0.75, ""widthMaxPos"": 0.2, ""widthTail"": 0.55, ""widthThoraxFront"": 0.93, ""widthThoraxRear"": 0.6078858144389744}"
77,proetida,0,7,1.0225,,"{""axialSpine"": 0.0, ""axisFrac"": 0.28, ""axisRise"": 0.0, ""axisSigma"": 0.55, ""barrelR"": 2.6, ""bladeCamber"": 0.14, ""bladeChord"": 0.9, ""borderWidth"": 0.12, ""boreDia"": 1.95, ""cephFrac"": 0.31940301597837256, ""cephParallel"": 0.05, ""clearance"": 0.3, ""effacement"": 0.0, ""eyeArc"": 150.0, ""eyeHeight"": 0.85, ""eyeLat"": 0.0, ""eyePos"": 0.55, ""eyeProfile"": 4.0, ""eyeShade"": 0.0, ""eyeSize"": 0.16, ""eyeSlope"": 15.0, ""eyeSolid"": 0, ""fulcrum"": 0.55, ""furrowDepth"": 1.2, ""genalCurve"": 12.0, ""genalPath"": ""s**2"", ""genalSpine"": 0.20449313705593905, ""genalSweep"": 0.3, ""genalTaper"": 2.2, ""genalWidth"": 0.12, ""genalWidthMM"": 3.0, ""glabFront"": 2.5, ""glabInflate"": 1.15, ""glabLobes"": 3, ""glabRise"": 0.18, ""headDomeExp"": 1.5, ""headDomeFill"": 0.82, ""headOutlineExp"": 2.15, ""headProngCenter"": 1.0, ""headProngCurl"": 0.0, ""headProngLen"": 0.6, ""headProngSplay"": 30.0, ""headProngStem"": 0.0, ""headProngWidth"": 0.45, ""headProngs"": 0, ""headRearArc"": 0.12, ""headRearExp"": 2.0, ""headRelief"": 1.0, ""headWall"": 1.0, ""length"": 158.0, ""lensD"": 0.16, ""lensGap"": 0.3, ""lensRise"": 0.35, ""macroAmp"": 0.8, ""macroIndex"": -1, ""marginHeight"": 0.14, ""maxAngle"": 18.0, ""nKnuckles"": 3, ""occipitalSpine"": 0.0, ""overlap"": 0.5387030845085571, ""pleuralSlope"": 0.74, ""pygFrac"": 0.2976852956717184, ""pygMarginal"": 0, ""pygMarginalLen"": 0.5112328426398476, ""pygRings"": 6, ""pygSpine"": 0.0, ""pygSplay"": 16.0, ""pygWidth"": 0.95, ""relief"": 21.31649946868234, ""ringArch"": 0.22, ""segCount"": 9, ""spineBase"": 0.0, ""spineGrad"": 0.0, ""spineSweep"": 45.0, ""tailDomeExp"": 2.0, ""tailProngCenter"": 1.0, ""tailProngCurl"": 0.0, ""tailProngLen"": 0.5, ""tailProngSplay"": 30.0, ""tailProngStem"": 0.0, ""tailProngWidth"": 0.45, ""tailProngs"": 0, ""tailRelief"": 1.0, ""tailWall"": 1.0, ""tent"": 1.0, ""termSpine"": 0.0, ""tipSweep"": 0.75, ""tipTaper"": 0.8, ""wall"": 2.0, ""width"": 72.0, ""widthHeadFront"": 0.75, ""widthMaxPos"": 0.2, ""widthTail"": 0.55, ""widthThoraxFront"": 0.93, ""widthThoraxRear"": 0.5001280061759975}"
78,proetida,1,7,,,"{""axialSpine"": 0.0, ""axisFrac"": 0.28, ""axisRise"": 0.0, ""axisSigma"": 0.55, ""barrelR"": 2.6, ""bladeCamber"": 0.14, ""bladeChord"": 0.9, ""borderWidth"": 0.12, ""boreDia"": 1.95, ""cephFrac"": 0.3, ""cephParallel"": 0.05, ""clearance"": 0.3, ""effacement"": 0.0, ""eyeArc"": 150.0, ""eyeHeight"": 0.85, ""eyeLat"": 0.0, ""eyePos"": 0.55, ""eyeProfile"": 4.0, ""eyeShade"": 0.0, ""eyeSize"": 0.0, ""eyeSlope"": 15.0, ""eyeSolid"": 0, ""fulcrum"": 0.55, ""furrowDepth"": 1.2, ""genalCurve"": 12.0, ""genalPath"": ""s**2"", ""genalSpine"": 0.2, ""genalSweep"": 0.3, ""genalTaper"": 2.2, ""genalWidth"": 0.12, ""genalWidthMM"": 3.0, ""glabFront"": 2.5, ""glabInflate"": 1.15, ""glabLobes"": 3, ""glabRise"": 0.18, ""headDomeExp"": 1.5, ""headDomeFill"": 0.82, ""headOutlineExp"": 2.15, ""headProngCenter"": 1.0, ""headProngCurl"": 0.0, ""headProngLen"": 0.6, ""headProngSplay"": 30.0, ""headProngStem"": 0.0, ""headProngWidth"": 0.45, ""headProngs"": 0, ""headRearArc"": 0.12, ""headRearExp"": 2.0, ""headRelief"": 1.0, ""headWall"": 1.0, ""length"": 158.0, ""lensD"": 0.16, ""lensGap"": 0.3, ""lensRise"": 0.35, ""macroAmp"": 0.8, ""macroIndex"": -1, ""marginHeight"": 0.14, ""maxAngle"": 18.0, ""nKnuckles"": 3, ""occipitalSpine"": 0.0, ""overlap"": 0.45, ""pleuralSlope"": 0.74, ""pygFrac"": 0.24, ""pygMarginal"": 0, ""pygMarginalLen"": 0.5, ""pygRings"": 6, ""pygSpine"": 0.0, ""pygSplay"": 16.0, ""pygWidth"": 0.95, ""relief"": 17.1, ""ringArch"": 0.22, ""segCount"": 9, ""spineBase"": 0.0, ""spineGrad"": 0.0, ""spineSweep"": 45.0, ""tailDomeExp"": 2.0, ""tailProngCenter"": 1.0, ""tailProngCurl"": 0.0, ""tailProngLen"": 0.5, ""tailProngSplay"": 30.0, ""tailProngStem"": 0.0, ""tailProngWidth"": 0.45, ""tailProngs"": 0, ""tailRelief"": 1.0, ""tailWall"": 1.0, ""tent"": 1.0, ""termSpine"": 0.0, ""tipSweep"": 0.75, ""tipTaper"": 0.8, ""wall"": 2.0, ""width"": 72.0, ""widthHeadFront"": 0.75, ""widthMaxPos"": 0.2, ""widthTail"": 0.55, ""widthThoraxFront"": 0.93, ""widthThoraxRear"": 0.62}"
79,proetida,1,7,,,"{""axialSpine"": 0.0, ""axisFrac"": 0.28, ""axisRise"": 0.0, ""axisSigma"": 0.55, ""barrelR"": 2.6, ""bladeCamber"": 0.14, ""bladeChord"": 0.9, ""borderWidth"": 0.12, ""boreDia"": 1.95, ""cephFrac"": 0.3, ""cephParallel"": 0.05, ""clearance"": 0.3, ""effacement"": 0.0, ""eyeArc"": 150.0, ""eyeHeight"": 0.85, ""eyeLat"": 0.0, ""eyePos"": 0.55, ""eyeProfile"": 4.0, ""eyeShade"": 0.0, ""eyeSize"": 0.45, ""eyeSlope"": 15.0, ""eyeSolid"": 0, ""fulcrum"": 0.55, ""furrowDepth"": 1.2, ""genalCurve"": 12.0, ""genalPath"": ""s**2"", ""genalSpine"": 0.2, ""genalSweep"": 0.3, ""genalTaper"": 2.2, ""genalWidth"": 0.12, ""genalWidthMM"": 3.0, ""glabFront"": 2.5, ""glabInflate"": 1.15, ""glabLobes"": 3, ""glabRise"": 0.18, ""headDomeExp"": 1.5, ""headDomeFill"": 0.82, ""headOutlineExp"": 2.15, ""headProngCenter"": 1.0, ""headProngCurl"": 0.0, ""headProngLen"": 0.6, ""headProngSplay"": 30.0, ""headProngStem"": 0.0, ""headProngWidth"": 0.45, ""headProngs"": 0, ""headRearArc"": 0.12, ""headRearExp"": 2.0, ""headRelief"": 1.0, ""headWall"": 1.0, ""length"": 158.0, ""lensD"": 0.16, ""lensGap"": 0.3, ""lensRise"": 0.35, ""macroAmp"": 0.8, ""macroIndex"": -1, ""marginHeight"": 0.14, ""maxAngle"": 18.0, ""nKnuckles"": 3, ""occipitalSpine"": 0.0, ""overlap"": 0.45, ""pleuralSlope"": 0.74, ""pygFrac"": 0.24, ""pygMarginal"": 0, ""pygMarginalLen"": 0.5, ""pygRings"": 6, ""pygSpine"": 0.0, ""pygSplay"": 16.0, ""pygWidth"": 0.95, ""relief"": 17.1, ""ringArch"": 0.22, ""segCount"": 9, ""spineBase"": 0.0, ""spineGrad"": 0.0, ""spineSweep"": 45.0, ""tailDomeExp"": 2.0, ""tailProngCenter"": 1.0, ""tailProngCurl"": 0.0, ""tailProngLen"": 0.5, ""tailProngSplay"": 30.0, ""tailProngStem"": 0.0, ""tailProngWidth"": 0.45, ""tailProngs"": 0, ""tailRelief"": 1.0, ""tailWall"": 1.0, ""tent"": 1.0, ""termSpine"": 0.0, ""tipSweep"": 0.75, ""tipTaper"": 0.8, ""wall"": 2.0, ""width"": 72.0, ""widthHeadFront"": 0.75, ""widthMaxPos"": 0.2, ""widthTail"": 0.55, ""widthThoraxFront"": 0.93, ""widthThoraxRear"": 0.62}"
80,ptychopariida,0,7,1.3605,,"{""axialSpine"": 0.0, ""axisFrac"": 0.28, ""axisRise"": 0.0, ""axisSigma"": 0.55, ""barrelR"": 2.6, ""bladeCamber"": 0.14, ""bladeChord"": 0.9, ""borderWidth"": 0.1, ""boreDia"": 1.95, ""cephFrac"": 0.2878178886240723, ""cephParallel"": 0.05, ""clearance"": 0.3, ""effacement"": 0.0, ""eyeArc"": 150.0, ""eyeHeight"": 0.85, ""eyeLat"": 0.0, ""eyePos"": 0.62, ""eyeProfile"": 4.0, ""eyeShade"": 0.0, ""eyeSize"": 0.12, ""eyeSlope"": 15.0, ""eyeSolid"": 0, ""fulcrum"": 0.55, ""furrowDepth"": 1.2, ""genalCurve"": 12.0, ""genalPath"": ""s**2"", ""genalSpine"": 0.4081408965065932, ""genalSweep"": 0.3, ""genalTaper"": 2.2, ""genalWidth"": 0.12, ""genalWidthMM"": 5.0, ""glabFront"": 2.5, ""glabInflate"": 1.05, ""glabLobes"": 3, ""glabRise"": 0.18, ""headDomeExp"": 1.5, ""headDomeFill"": 0.82, ""headOutlineExp"": 2.15, ""headProngCenter"": 1.0, ""headProngCurl"": 0.0, ""headProngLen"": 0.6, ""headProngSplay"": 30.0, ""headProngStem"": 0.0, ""headProngWidth"": 0.45, ""headProngs"": 0, ""headRearArc"": 0.12, ""headRearExp"": 2.0, ""headRelief"": 1.0, ""headWall"": 1.0, ""length"": 167.0, ""lensD"": 0.16, ""lensGap"": 0.3, ""lensRise"": 0.35, ""macroAmp"": 0.8, ""macroIndex"": -1, ""marginHeight"": 0.14, ""maxAngle"": 18.0, ""nKnuckles"": 3, ""occipitalSpine"": 0.0, ""overlap"": 0.6912853010342529, ""pleuralSlope"": 0.74, ""pygFrac"": 0.1644904038466286, ""pygMarginal"": 0, ""pygMarginalLen"": 0.6802348275109886, ""pygRings"": 4, ""pygSpine"": 0.476164379257692, ""pygSplay"": 16.0, ""pygWidth"": 0.82, ""relief"": 18.383734870579506, ""ringArch"": 0.22, ""segCount"": 9, ""spineBase"": 0.0, ""spineGrad"": 0.0, ""spineSweep"": 45.0, ""tailDomeExp"": 2.0, ""tailProngCenter"": 1.0, ""tailProngCurl"": 0.0, ""tailProngLen"": 0.5, ""tailProngSplay"": 30.0, ""tailProngStem"": 0.0, ""tailProngWidth"": 0.45, ""tailProngs"": 0, ""tailRelief"": 1.0, ""tailWall"": 1.0, ""tent"": 1.0, ""termSpine"": 0.0, ""tipSweep"": 0.75, ""tipTaper"": 0.8, ""wall"": 2.0, ""width"": 72.0, ""widthHeadFront"": 0.75, ""widthMaxPos"": 0.2, ""widthTail"": 0.55, ""widthThoraxFront"": 0.93, ""widthThoraxRear"": 0.5483471107925135}"
81,ptychopariida,0,7,0.0759,"pygMarginalLen: 0.037926415633730295 clamped to [0.1, 1.5]","{""axialSpine"": 0.0, ""axisFrac"": 0.28, ""axisRise"": 0.0, ""axisSigma"": 0.55, ""barrelR"": 2.6, ""bladeCamber"": 0.14, ""bladeChord"": 0.9, ""borderWidth"": 0.1, ""boreDia"": 1.95, ""cephFrac"": 0.2493756688955793, ""cephParallel"": 0.05, ""clearance"": 0.3, ""effacement"": 0.0, ""eyeArc"": 150.0, ""eyeHeight"": 0.85, ""eyeLat"": 0.0, ""eyePos"": 0.62, ""eyeProfile"": 4.0, ""eyeShade"": 0.0, ""eyeSize"": 0.12, ""eyeSlope"": 15.0, ""eyeSolid"": 0, ""fulcrum"": 0.55, ""furrowDepth"": 1.2, ""genalCurve"": 12.0, ""genalPath"": ""s**2"", ""genalSpine"": 0.022755849380238176, ""genalSweep"": 0.3, ""genalTaper"": 2.2, ""genalWidth"": 0.12, ""genalWidthMM"": 5.0, ""glabFront"": 2.5, ""glabInflate"": 1.05, ""glabLobes"": 3, ""glabRise"": 0.18, ""headDomeExp"": 1.5, ""headDomeFill"": 0.82, ""headOutlineExp"": 2.15, ""headProngCenter"": 1.0, ""headProngCurl"": 0.0, ""headProngLen"": 0.6, ""headProngSplay"": 30.0, ""headProngStem"": 0.0, ""headProngWidth"": 0.45, ""headProngs"": 0, ""headRearArc"": 0.12, ""headRearExp"": 2.0, ""headRelief"": 1.0, ""headWall"": 1.0, ""length"": 167.0, ""lensD"": 0.16, ""lensGap"": 0.3, ""lensRise"": 0.35, ""macroAmp"": 0.8, ""macroIndex"": -1, ""marginHeight"": 0.14, ""maxAngle"": 18.0, ""nKnuckles"": 3, ""occipitalSpine"": 0.0, ""overlap"": 0.36486080423532735, ""pleuralSlope"": 0.74, ""pygFrac"": 0.15252119343700854, ""pygMarginal"": 0, ""pygMarginalLen"": 0.1, ""pygRings"": 4, ""pygSpine"": 0.026548490943611204, ""pygSplay"": 16.0, ""pygWidth"": 0.82, ""relief"": 20.71894887532446, ""ringArch"": 0.22, ""segCount"": 11, ""spineBase"": 0.0, ""spineGrad"": 0.0, ""spineSweep"": 45.0, ""tailDomeExp"": 2.0, ""tailProngCenter"": 1.0, ""tailProngCurl"": 0.0, ""tailProngLen"": 0.5, ""tailProngSplay"": 30.0, ""tailProngStem"": 0.0, ""tailProngWidth"": 0.45, ""tailProngs"": 0, ""tailRelief"": 1.0, ""tailWall"": 1.0, ""tent"": 1.0, ""termSpine"": 0.0, ""tipSweep"": 0.75, ""tipTaper"": 0.8, ""wall"": 2.0, ""width"": 72.0, ""widthHeadFront"": 0.75, ""widthMaxPos"": 0.2, ""widthTail"": 0.55, ""widthThoraxFront"": 0.93, ""widthThoraxRear"": 0.7970720635754378}"
82,ptychopariida,0,7,1.2666,,"{""axialSpine"": 0.0, ""axisFrac"": 0.28, ""axisRise"": 0.0, ""axisSigma"": 0.55, ""barrelR"": 2.6, ""bladeCamber"": 0.14, ""bladeChord"": 0.9, ""borderWidth"": 0.1, ""boreDia"": 1.95, ""cephFrac"": 0.3364198678374716, ""cephParallel"": 0.05, ""clearance"": 0.3, ""effacement"": 0.0, ""eyeArc"": 150.0, ""eyeHeight"": 0.85, ""eyeLat"": 0.0, ""eyePos"": 0.62, ""eyeProfile"": 4.0, ""eyeShade"": 0.0, ""eyeSize"": 0.12, ""eyeSlope"": 15.0, ""eyeSolid"": 0, ""fulcrum"": 0.55, ""furrowDepth"": 1.2, ""genalCurve"": 12.0, ""genalPath"": ""s**2"", ""genalSpine"": 0.3799673089013192, ""genalSweep"": 0.3, ""genalTaper"": 2.2, ""genalWidth"": 0.12, ""genalWidthMM"": 5.0, ""glabFront"": 2.5, ""glabInflate"": 1.05, ""glabLobes"": 3, ""glabRise"": 0.18, ""headDomeExp"": 1.5, ""headDomeFill"": 0.82, ""headOutlineExp"": 2.15, ""headProngCenter"": 1.0, ""headProngCurl"": 0.0, ""headProngLen"": 0.6, ""headProngSplay"": 30.0, ""headProngStem"": 0.0, ""headProngWidth"": 0.45, ""headProngs"": 0, ""headRearArc"": 0.12, ""headRearExp"": 2.0, ""headRelief"": 1.0, ""headWall"": 1.0, ""length"": 167.0, ""lensD"": 0.16, ""lensGap"": 0.3, ""lensRise"": 0.35, ""macroAmp"": 0.8, ""macroIndex"": -1, ""marginHeight"": 0.14, ""maxAngle"": 18.0, ""nKnuckles"": 3, ""occipitalSpine"": 0.0, ""overlap"": 0.7687044690676097, ""pleuralSlope"": 0.74, ""pygFrac"": 0.12393009342233802, ""pygMarginal"": 0, ""pygMarginalLen"": 0.6332788481688654, ""pygRings"": 4, ""pygSpine"": 0.44329519371820575, ""pygSplay"": 16.0, ""pygWidth"": 0.82, ""relief"": 23.61203769581467, ""ringArch"": 0.22, ""segCount"": 10, ""spineBase"": 0.0, ""spineGrad"": 0.0, ""spineSweep"": 45.0, ""tailDomeExp"": 2.0, ""tailProngCenter"": 1.0, ""tailProngCurl"": 0.0, ""tailProngLen"": 0.5, ""tailProngSplay"": 30.0, ""tailProngStem"": 0.0, ""tailProngWidth"": 0.45, ""tailProngs"": 0, ""tailRelief"": 1.0, ""tailWall"": 1.0, ""tent"": 1.0, ""termSpine"": 0.0, ""tipSweep"": 0.75, ""tipTaper"": 0.8, ""wall"": 2.0, ""width"": 72.0, ""widthHeadFront"": 0.75, ""widthMaxPos"": 0.2, ""widthTail"": 0.55, ""widthThoraxFront"": 0.93, ""widthThoraxRear"": 0.48314350542106244}"
83,ptychopariida,0,7,0.6388,,"{""axialSpine"": 0.0, ""axisFrac"": 0.28, ""axisRise"": 0.0, ""axisSigma"": 0.55, ""barrelR"": 2.6, ""bladeCamber"": 0.14, ""bladeChord"": 0.9, ""borderWidth"": 0.1, ""boreDia"": 1.95, ""cephFrac"": 0.3547426796568711, ""cephParallel"": 0.05, ""clearance"": 0.3, ""effacement"": 0.0, ""eyeArc"": 150.0, ""eyeHeight"": 0.85, ""eyeLat"": 0.0, ""eyePos"": 0.62, ""eyeProfile"": 4.0, ""eyeShade"": 0.0, ""eyeSize"": 0.12, ""eyeSlope"": 15.0, ""eyeSolid"": 0, ""fulcrum"": 0.55, ""furrowDepth"": 1.2, ""genalCurve"": 12.0, ""genalPath"": ""s**2"", ""genalSpine"": 0.19162582222749372, ""genalSweep"": 0.3, ""genalTaper"": 2.2, ""genalWidth"": 0.12, ""genalWidthMM"": 5.0, ""glabFront"": 2.5, ""glabInflate"": 1.05, ""glabLobes"": 3, ""glabRise"": 0.18, ""headDomeExp"": 1.5, ""headDomeFill"": 0.82, ""headOutlineExp"": 2.15, ""headProngCenter"": 1.0, ""headProngCurl"": 0.0, ""headProngLen"": 0.6, ""headProngSplay"": 30.0, ""headProngStem"": 0.0, ""headProngWidth"": 0.45, ""headProngs"": 0, ""headRearArc"": 0.12, ""headRearExp"": 2.0, ""headRelief"": 1.0, ""headWall"": 1.0, ""length"": 167.0, ""lensD"": 0.16, ""lensGap"": 0.3, ""lensRise"": 0.35, ""macroAmp"": 0.8, ""macroIndex"": -1, ""marginHeight"": 0.14, ""maxAngle"": 18.0, ""nKnuckles"": 3, ""occipitalSpine"": 0.0, ""overlap"": 0.3118201885333125, ""pleuralSlope"": 0.74, ""pygFrac"": 0.10767669948649881, ""pygMarginal"": 0, ""pygMarginalLen"": 0.3193763703791562, ""pygRings"": 4, ""pygSpine"": 0.22356345926540935, ""pygSplay"": 16.0, ""pygWidth"": 0.82, ""relief"": 15.921684253408339, ""ringArch"": 0.22, ""segCount"": 12, ""spineBase"": 0.0, ""spineGrad"": 0.0, ""spineSweep"": 45.0, ""tailDomeExp"": 2.0, ""tailProngCenter"": 1.0, ""tailProngCurl"": 0.0, ""tailProngLen"": 0.5, ""tailProngSplay"": 30.0, ""tailProngStem"": 0.0, ""tailProngWidth"": 0.45, ""tailProngs"": 0, ""tailRelief"": 1.0, ""tailWall"": 1.0, ""tent"": 1.0, ""termSpine"": 0.0, ""tipSweep"": 0.75, ""tipTaper"": 0.8, ""wall"": 2.0, ""width"": 72.0, ""widthHeadFront"": 0.75, ""widthMaxPos"": 0.2, ""widthTail"": 0.55, ""widthThoraxFront"": 0.93, ""widthThoraxRear"": 0.4329926860266023}"
84,ptychopariida,0,7,0.9163,,"{""axialSpine"": 0.0, ""axisFrac"": 0.28, ""axisRise"": 0.0, ""axisSigma"": 0.55, ""barrelR"": 2.6, ""bladeCamber"": 0.14, ""bladeChord"": 0.9, ""borderWidth"": 0.1, ""boreDia"": 1.95, ""cephFrac"": 0.21924752573484604, ""cephParallel"": 0.05, ""clearance"": 0.3, ""effacement"": 0.0, ""eyeArc"": 150.0, ""eyeHeight"": 0.85, ""eyeLat"": 0.0, ""eyePos"": 0.62, ""eyeProfile"": 4.0, ""eyeShade"": 0.0, ""eyeSize"": 0.12, ""eyeSlope"": 15.0, ""eyeSolid"": 0, ""fulcrum"": 0.55, ""furrowDepth"": 1.2, ""genalCurve"": 12.0, ""genalPath"": ""s**2"", ""genalSpine"": 0.27490073242215673, ""genalSweep"": 0.3, ""genalTaper"": 2.2, ""genalWidth"": 0.12, ""genalWidthMM"": 5.0, ""glabFront"": 2.5, ""glabInflate"": 1.05, ""glabLobes"": 3, ""glabRise"": 0.18, ""headDomeExp"": 1.5, ""headDomeFill"": 0.82, ""headOutlineExp"": 2.15, ""headProngCenter"": 1.0, ""headProngCurl"": 0.0, ""headProngLen"": 0.6, ""headProngSplay"": 30.0, ""headProngStem"": 0.0, ""headProngWidth"": 0.45, ""headProngs"": 0, ""headRearArc"": 0.12, ""headRearExp"": 2.0, ""headRelief"": 1.0, ""headWall"": 1.0, ""length"": 167.0, ""lensD"": 0.16, ""lensGap"": 0.3, ""lensRise"": 0.35, ""macroAmp"": 0.8, ""macroIndex"": -1, ""marginHeight"": 0.14, ""maxAngle"": 18.0, ""nKnuckles"": 3, ""occipitalSpine"": 0.0, ""overlap"": 0.5874451649348744, ""pleuralSlope"": 0.74, ""pygFrac"": 0.1407368190373281, ""pygMarginal"": 0, ""pygMarginalLen"": 0.45816788737026126, ""pygRings"": 4, ""pygSpine"": 0.32071752115918284, ""pygSplay"": 16.0, ""pygWidth"": 0.82, ""relief"": 13.30618798441042, ""ringArch"": 0.22, ""segCount"": 14, ""spineBase"": 0.0, ""spineGrad"": 0.0, ""spineSweep"": 45.0, ""tailDomeExp"": 2.0, ""tailProngCenter"": 1.0, ""tailProngCurl"": 0.0, ""tailProngLen"": 0.5, ""tailProngSplay"": 30.0, ""tailProngStem"": 0.0, ""tailProngWidth"": 0.45, ""tailProngs"": 0, ""tailRelief"": 1.0, ""tailWall"": 1.0, ""tent"": 1.0, ""termSpine"": 0.0, ""tipSweep"": 0.75, ""tipTaper"": 0.8, ""wall"": 2.0, ""width"": 72.0, ""widthHeadFront"": 0.75, ""widthMaxPos"": 0.2, ""widthTail"": 0.55, ""widthThoraxFront"": 0.93, ""widthThoraxRear"": 0.7278063009765152}"
85,ptychopariida,0,7,0.3596,,"{""axialSpine"": 0.0, ""axisFrac"": 0.28, ""axisRise"": 0.0, ""axisSigma"": 0.55, ""barrelR"": 2.6, ""bladeCamber"": 0.14, ""bladeChord"": 0.9, ""borderWidth"": 0.1, ""boreDia"": 1.95, ""cephFrac"": 0.21317561425814008, ""cephParallel"": 0.05, ""clearance"": 0.3, ""effacement"": 0.0, ""eyeArc"": 150.0, ""eyeHeight"": 0.85, ""eyeLat"": 0.0, ""eyePos"": 0.62, ""eyeProfile"": 4.0, ""eyeShade"": 0.0, ""eyeSize"": 0.12, ""eyeSlope"": 15.0, ""eyeSolid"": 0, ""fulcrum"": 0.55, ""furrowDepth"": 1.2, ""genalCurve"": 12.0, ""genalPath"": ""s**2"", ""genalSpine"": 0.1078913534596046, ""genalSweep"": 0.3, ""genalTaper"": 2.2, ""genalWidth"": 0.12, ""genalWidthMM"": 5.0, ""glabFront"": 2.5, ""glabInflate"": 1.05, ""glabLobes"": 3, ""glabRise"": 0.18, ""headDomeExp"": 1.5, ""headDomeFill"": 0.82, ""headOutlineExp"": 2.15, ""headProngCenter"": 1.0, ""headProngCurl"": 0.0, ""headProngLen"": 0.6, ""headProngSplay"": 30.0, ""headProngStem"": 0.0, ""headProngWidth"": 0.45, ""headProngs"": 0, ""headRearArc"": 0.12, ""headRearExp"": 2.0, ""headRelief"": 1.0, ""headWall"": 1.0, ""length"": 167.0, ""lensD"": 0.16, ""lensGap"": 0.3, ""lensRise"": 0.35, ""macroAmp"": 0.8, ""macroIndex"": -1, ""marginHeight"": 0.14, ""maxAngle"": 18.0, ""nKnuckles"": 3, ""occipitalSpine"": 0.0, ""overlap"": 0.24643743883703595, ""pleuralSlope"": 0.74, ""pygFrac"": 0.13129843068641137, ""pygMarginal"": 0, ""pygMarginalLen"": 0.17981892243267433, ""pygRings"": 4, ""pygSpine"": 0.12587324570287203, ""pygSplay"": 16.0, ""pygWidth"": 0.82, ""relief"": 13.701753678123453, ""ringArch"": 0.22, ""segCount"": 13, ""spineBase"": 0.0, ""spineGrad"": 0.0, ""spineSweep"": 45.0, ""tailDomeExp"": 2.0, ""tailProngCenter"": 1.0, ""tailProngCurl"": 0.0, ""tailProngLen"": 0.5, ""tailProngSplay"": 30.0, ""tailProngStem"": 0.0, ""tailProngWidth"": 0.45, ""tailProngs"": 0, ""tailRelief"": 1.0, ""tailWall"": 1.0, ""tent"": 1.0, ""termSpine"": 0.0, ""tipSweep"": 0.75, ""tipTaper"": 0.8, ""wall"": 2.0, ""width"": 72.0, ""widthHeadFront"": 0.75, ""widthMaxPos"": 0.2, ""widthTail"": 0.55, ""widthThoraxFront"": 0.93, ""widthThoraxRear"": 0.6878878208707573}"
86,ptychopariida,0,7,0.9957,,"{""axialSpine"": 0.0, ""axisFrac"": 0.28, ""axisRise"": 0.0, ""axisSigma"": 0.55, ""barrelR"": 2.6, ""bladeCamber"": 0.14, ""bladeChord"": 0.9, ""borderWidth"": 0.1, ""boreDia"": 1.95, ""cephFrac"": 0.32040105399865804, ""cephParallel"": 0.05, ""clearance"": 0.3, ""effacement"": 0.0, ""eyeArc"": 150.0, ""eyeHeight"": 0.85, ""eyeLat"": 0.0, ""eyePos"": 0.62, ""eyeProfile"": 4.0, ""eyeShade"": 0.0, ""eyeSize"": 0.12, ""eyeSlope"": 15.0, ""eyeSolid"": 0, ""fulcrum"": 0.55, ""furrowDepth"": 1.2, ""genalCurve"": 12.0, ""genalPath"": ""s**2"", ""genalSpine"": 0.2987172921472062, ""genalSweep"": 0.3, ""genalTaper"": 2.2, ""genalWidth"": 0.12, ""genalWidthMM"": 5.0, ""glabFront"": 2.5, ""glabInflate"": 1.05, ""glabLobes"": 3, ""glabRise"": 0.18, ""headDomeExp"": 1.5, ""headDomeFill"": 0.82, ""headOutlineExp"": 2.15, ""headProngCenter"": 1.0, ""headProngCurl"": 0.0, ""headProngLen"": 0.6, ""headProngSplay"": 30.0, ""headProngStem"": 0.0, ""headProngWidth"": 0.45, ""headProngs"": 0, ""headRearArc"": 0.12, ""headRearExp"": 2.0, ""headRelief"": 1.0, ""headWall"": 1.0, ""length"": 167.0, ""lensD"": 0.16, ""lensGap"": 0.3, ""lensRise"": 0.35, ""macroAmp"": 0.8, ""macroIndex"": -1, ""marginHeight"": 0.14, ""maxAngle"": 18.0, ""nKnuckles"": 3, ""occipitalSpine"": 0.0, ""overlap"": 0.5612720406826575, ""pleuralSlope"": 0.74, ""pygFrac"": 0.17661380745555444, ""pygMarginal"": 0, ""pygMarginalLen"": 0.4978621535786771, ""pygRings"": 4, ""pygSpine"": 0.3485035075050739, ""pygSplay"": 16.0, ""pygWidth"": 0.82, ""relief"": 20.29987196336865, ""ringArch"": 0.22, ""segCount"": 12, ""spineBase"": 0.0, ""spineGrad"": 0.0, ""spineSweep"": 45.0, ""tailDomeExp"": 2.0, ""tailProngCenter"": 1.0, ""tailProngCurl"": 0.0, ""tailProngLen"": 0.5, ""tailProngSplay"": 30.0, ""tailProngStem"": 0.0, ""tailProngWidth"": 0.45, ""tailProngs"": 0, ""tailRelief"": 1.0, ""tailWall"": 1.0, ""tent"": 1.0, ""termSpine"": 0.0, ""tipSweep"": 0.75, ""tipTaper"": 0.8, ""wall"": 2.0, ""width"": 72.0, ""widthHeadFront"": 0.75, ""widthMaxPos"": 0.2, ""widthTail"": 0.55, ""widthThoraxFront"": 0.93, ""widthThoraxRear"": 0.6213905957605603}"
87,ptychopariida,0,7,0.513,,"{""axialSpine"": 0.0, ""axisFrac"": 0.28, ""axisRise"": 0.0, ""axisSigma"": 0.55, ""barrelR"": 2.6, ""bladeCamber"": 0.14, ""bladeChord"": 0.9, ""borderWidth"": 0.1, ""boreDia"": 1.95, ""cephFrac"": 0.2611271496912783, ""cephParallel"": 0.05, ""clearance"": 0.3, ""effacement"": 0.0, ""eyeArc"": 150.0, ""eyeHeight"": 0.85, ""eyeLat"": 0.0, ""eyePos"": 0.62, ""eyeProfile"": 4.0, ""eyeShade"": 0.0, ""eyeSize"": 0.12, ""eyeSlope"": 15.0, ""eyeSolid"": 0, ""fulcrum"": 0.55, ""furrowDepth"": 1.2, ""genalCurve"": 12.0, ""genalPath"": ""s**2"", ""genalSpine"": 0.15389795548623428, ""genalSweep"": 0.3, ""genalTaper"": 2.2, ""genalWidth"": 0.12, ""genalWidthMM"": 5.0, ""glabFront"": 2.5, ""glabInflate"": 1.05, ""glabLobes"": 3, ""glabRise"": 0.18, ""headDomeExp"": 1.5, ""headDomeFill"": 0.82, ""headOutlineExp"": 2.15, ""headProngCenter"": 1.0, ""headProngCurl"": 0.0, ""headProngLen"": 0.6, ""headProngSplay"": 30.0, ""headProngStem"": 0.0, ""headProngWidth"": 0.45, ""headProngs"": 0, ""headRearArc"": 0.12, ""headRearExp"": 2.0, ""headRelief"": 1.0, ""headWall"": 1.0, ""length"": 167.0, ""lensD"": 0.16, ""lensGap"": 0.3, ""lensRise"": 0.35, ""macroAmp"": 0.8, ""macroIndex"": -1, ""marginHeight"": 0.14, ""maxAngle"": 18.0, ""nKnuckles"": 3, ""occipitalSpine"": 0.0, ""overlap"": 0.43513157701083427, ""pleuralSlope"": 0.74, ""pygFrac"": 0.1140023642950095, ""pygMarginal"": 0, ""pygMarginalLen"": 0.25649659247705714, ""pygRings"": 4, ""pygSpine"": 0.17954761473394, ""pygSplay"": 16.0, ""pygWidth"": 0.82, ""relief"": 10.53755065370701, ""ringArch"": 0.22, ""segCount"": 15, ""spineBase"": 0.0, ""spineGrad"": 0.0, ""spineSweep"": 45.0, ""tailDomeExp"": 2.0, ""tailProngCenter"": 1.0, ""tailProngCurl"": 0.0, ""tailProngLen"": 0.5, ""tailProngSplay"": 30.0, ""tailProngStem"": 0.0, ""tailProngWidth"": 0.45, ""tailProngs"": 0, ""tailRelief"": 1.0, ""tailWall"": 1.0, ""tent"": 1.0, ""termSpine"": 0.0, ""tipSweep"": 0.75, ""tipTaper"": 0.8, ""wall"": 2.0, ""width"": 72.0, ""widthHeadFront"": 0.75, ""widthMaxPos"": 0.2, ""widthTail"": 0.55, ""widthThoraxFront"": 0.93, ""widthThoraxRear"": 0.3952099349220282}"
88,ptychopariida,1,7,,,"{""axialSpine"": 0.0, ""axisFrac"": 0.28, ""axisRise"": 0.0, ""axisSigma"": 0.55, ""barrelR"": 2.6, ""bladeCamber"": 0.14, ""bladeChord"": 0.9, ""borderWidth"": 0.1, ""boreDia"": 1.95, ""cephFrac"": 0.28, ""cephParallel"": 0.05, ""clearance"": 0.3, ""effacement"": 0.0, ""eyeArc"": 150.0, ""eyeHeight"": 0.85, ""eyeLat"": 0.0, ""eyePos"": 0.62, ""eyeProfile"": 4.0, ""eyeShade"": 0.0, ""eyeSize"": 0.0, ""eyeSlope"": 15.0, ""eyeSolid"": 0, ""fulcrum"": 0.55, ""furrowDepth"": 1.2, ""genalCurve"": 12.0, ""genalPath"": ""s**2"", ""genalSpine"": 0.3, ""genalSweep"": 0.3, ""genalTaper"": 2.2, ""genalWidth"": 0.12, ""genalWidthMM"": 5.0, ""glabFront"": 2.5, ""glabInflate"": 1.05, ""glabLobes"": 3, ""glabRise"": 0.18, ""headDomeExp"": 1.5, ""headDomeFill"": 0.82, ""headOutlineExp"": 2.15, ""headProngCenter"": 1.0, ""headProngCurl"": 0.0, ""headProngLen"": 0.6, ""headProngSplay"": 30.0, ""headProngStem"": 0.0, ""headProngWidth"": 0.45, ""headProngs"": 0, ""headRearArc"": 0.12, ""headRearExp"": 2.0, ""headRelief"": 1.0, ""headWall"": 1.0, ""length"": 167.0, ""lensD"": 0.16, ""lensGap"": 0.3, ""lensRise"": 0.35, ""macroAmp"": 0.8, ""macroIndex"": -1, ""marginHeight"": 0.14, ""maxAngle"": 18.0, ""nKnuckles"": 3, ""occipitalSpine"": 0.0, ""overlap"": 0.45, ""pleuralSlope"": 0.74, ""pygFrac"": 0.14, ""pygMarginal"": 0, ""pygMarginalLen"": 0.5, ""pygRings"": 4, ""pygSpine"": 0.35, ""pygSplay"": 16.0, ""pygWidth"": 0.82, ""relief"": 17.1, ""ringArch"": 0.22, ""segCount"": 12, ""spineBase"": 0.0, ""spineGrad"": 0.0, ""spineSweep"": 45.0, ""tailDomeExp"": 2.0, ""tailProngCenter"": 1.0, ""tailProngCurl"": 0.0, ""tailProngLen"": 0.5, ""tailProngSplay"": 30.0, ""tailProngStem"": 0.0, ""tailProngWidth"": 0.45, ""tailProngs"": 0, ""tailRelief"": 1.0, ""tailWall"": 1.0, ""tent"": 1.0, ""termSpine"": 0.0, ""tipSweep"": 0.75, ""tipTaper"": 0.8, ""wall"": 2.0, ""width"": 72.0, ""widthHeadFront"": 0.75, ""widthMaxPos"": 0.2, ""widthTail"": 0.55, ""widthThoraxFront"": 0.93, ""widthThoraxRear"": 0.6}"
89,ptychopariida,1,7,,,"{""axialSpine"": 0.0, ""axisFrac"": 0.28, ""axisRise"": 0.0, ""axisSigma"": 0.55, ""barrelR"": 2.6, ""bladeCamber"": 0.14, ""bladeChord"": 0.9, ""borderWidth"": 0.1, ""boreDia"": 1.95, ""cephFrac"": 0.28, ""cephParallel"": 0.05, ""clearance"": 0.3, ""effacement"": 0.0, ""eyeArc"": 150.0, ""eyeHeight"": 0.85, ""eyeLat"": 0.0, ""eyePos"": 0.62, ""eyeProfile"": 4.0, ""eyeShade"": 0.0, ""eyeSize"": 0.45, ""eyeSlope"": 15.0, ""eyeSolid"": 0, ""fulcrum"": 0.55, ""furrowDepth"": 1.2, ""genalCurve"": 12.0, ""genalPath"": ""s**2"", ""genalSpine"": 0.3, ""genalSweep"": 0.3, ""genalTaper"": 2.2, ""genalWidth"": 0.12, ""genalWidthMM"": 5.0, ""glabFront"": 2.5, ""glabInflate"": 1.05, ""glabLobes"": 3, ""glabRise"": 0.18, ""headDomeExp"": 1.5, ""headDomeFill"": 0.82, ""headOutlineExp"": 2.15, ""headProngCenter"": 1.0, ""headProngCurl"": 0.0, ""headProngLen"": 0.6, ""headProngSplay"": 30.0, ""headProngStem"": 0.0, ""headProngWidth"": 0.45, ""headProngs"": 0, ""headRearArc"": 0.12, ""headRearExp"": 2.0, ""headRelief"": 1.0, ""headWall"": 1.0, ""length"": 167.0, ""lensD"": 0.16, ""lensGap"": 0.3, ""lensRise"": 0.35, ""macroAmp"": 0.8, ""macroIndex"": -1, ""marginHeight"": 0.14, ""maxAngle"": 18.0, ""nKnuckles"": 3, ""occipitalSpine"": 0.0, ""overlap"": 0.45, ""pleuralSlope"": 0.74, ""pygFrac"": 0.14, ""pygMarginal"": 0, ""pygMarginalLen"": 0.5, ""pygRings"": 4, ""pygSpine"": 0.35, ""pygSplay"": 16.0, ""pygWidth"": 0.82, ""relief"": 17.1, ""ringArch"": 0.22, ""segCount"": 12, ""spineBase"": 0.0, ""spineGrad"": 0.0, ""spineSweep"": 45.0, ""tailDomeExp"": 2.0, ""tailProngCenter"": 1.0, ""tailProngCurl"": 0.0, ""tailProngLen"": 0.5, ""tailProngSplay"": 30.0, ""tailProngStem"": 0.0, ""tailProngWidth"": 0.45, ""tailProngs"": 0, ""tailRelief"": 1.0, ""tailWall"": 1.0, ""tent"": 1.0, ""termSpine"": 0.0, ""tipSweep"": 0.75, ""tipTaper"": 0.8, ""wall"": 2.0, ""width"": 72.0, ""widthHeadFront"": 0.75, ""widthMaxPos"": 0.2, ""widthTail"": 0.55, ""widthThoraxFront"": 0.93, ""widthThoraxRear"": 0.6}"
90,redlichiida,0,7,1.1626,,"{""axialSpine"": 0.0, ""axisFrac"": 0.28, ""axisRise"": 0.0, ""axisSigma"": 0.55, ""barrelR"": 2.6, ""bladeCamber"": 0.14, ""bladeChord"": 0.9, ""borderWidth"": 0.1, ""boreDia"": 1.95, ""cephFrac"": 0.3626244192238592, ""cephParallel"": 0.05, ""clearance"": 0.3, ""effacement"": 0.0, ""eyeArc"": 150.0, ""eyeHeight"": 0.8, ""eyeLat"": 0.0, ""eyePos"": 0.45, ""eyeProfile"": 4.0, ""eyeShade"": 0.0, ""eyeSize"": 0.12, ""eyeSlope"": 15.0, ""eyeSolid"": 0, ""fulcrum"": 0.55, ""furrowDepth"": 1.2, ""genalCurve"": 14.0, ""genalPath"": ""s**2"", ""genalSpine"": 0.639405993838293, ""genalSweep"": 0.3, ""genalTaper"": 2.0, ""genalWidth"": 0.12, ""genalWidthMM"": 0.0, ""glabFront"": 2.5, ""glabInflate"": 1.25, ""glabLobes"": 3, ""glabRise"": 0.18, ""headDomeExp"": 1.5, ""headDomeFill"": 0.82, ""headOutlineExp"": 2.15, ""headProngCenter"": 1.0, ""headProngCurl"": 0.0, ""headProngLen"": 0.6, ""headProngSplay"": 30.0, ""headProngStem"": 0.0, ""headProngWidth"": 0.45, ""headProngs"": 0, ""headRearArc"": 0.0, ""headRearExp"": 2.2, ""headRelief"": 1.0, ""headWall"": 1.0, ""length"": 176.0, ""lensD"": 0.16, ""lensGap"": 0.3, ""lensRise"": 0.35, ""macroAmp"": 0.9, ""macroIndex"": 2, ""marginHeight"": 0.14, ""maxAngle"": 18.0, ""nKnuckles"": 3, ""occipitalSpine"": 0.0, ""overlap"": 0.2688655430810152, ""pleuralSlope"": 0.74, ""pygFrac"": 0.05751689305281091, ""pygMarginal"": 0, ""pygMarginalLen"": 0.5812781762166299, ""pygRings"": 1, ""pygSpine"": 0.0, ""pygSplay"": 14.0, ""pygWidth"": 0.82, ""relief"": 21.03971173486926, ""ringArch"": 0.22, ""segCount"": 13, ""spineBase"": 0.29063908810831496, ""spineGrad"": 0.1, ""spineSweep"": 35.0, ""tailDomeExp"": 2.0, ""tailProngCenter"": 1.0, ""tailProngCurl"": 0.0, ""tailProngLen"": 0.5, ""tailProngSplay"": 30.0, ""tailProngStem"": 0.0, ""tailProngWidth"": 0.45, ""tailProngs"": 0, ""tailRelief"": 1.0, ""tailWall"": 1.0, ""tent"": 1.0, ""termSpine"": 0.0, ""tipSweep"": 0.75, ""tipTaper"": 0.9, ""wall"": 2.0, ""width"": 69.5, ""widthHeadFront"": 0.75, ""widthMaxPos"": 0.2, ""widthTail"": 0.3, ""widthThoraxFront"": 0.93, ""widthThoraxRear"": 0.5581943541260801}"
91,redlichiida,0,7,0.9359,"pygFrac: 0.04373753547155246 clamped to [0.05, 0.4];widthThoraxRear: 0.2960081263285145 clamped to [0.3, 1.0]","{""axialSpine"": 0.0, ""axisFrac"": 0.28, ""axisRise"": 0.0, ""axisSigma"": 0.55, ""barrelR"": 2.6, ""bladeCamber"": 0.14, ""bladeChord"": 0.9, ""borderWidth"": 0.1, ""boreDia"": 1.95, ""cephFrac"": 0.38756503141038773, ""cephParallel"": 0.05, ""clearance"": 0.3, ""effacement"": 0.0, ""eyeArc"": 150.0, ""eyeHeight"": 0.8, ""eyeLat"": 0.0, ""eyePos"": 0.45, ""eyeProfile"": 4.0, ""eyeShade"": 0.0, ""eyeSize"": 0.12, ""eyeSlope"": 15.0, ""eyeSolid"": 0, ""fulcrum"": 0.55, ""furrowDepth"": 1.2, ""genalCurve"": 14.0, ""genalPath"": ""s**2"", ""genalSpine"": 0.5147483302012819, ""genalSweep"": 0.3, ""genalTaper"": 2.0, ""genalWidth"": 0.12, ""genalWidthMM"": 0.0, ""glabFront"": 2.5, ""glabInflate"": 1.25, ""glabLobes"": 3, ""glabRise"": 0.18, ""headDomeExp"": 1.5, ""headDomeFill"": 0.82, ""headOutlineExp"": 2.15, ""headProngCenter"": 1.0, ""headProngCurl"": 0.0, ""headProngLen"": 0.6, ""headProngSplay"": 30.0, ""headProngStem"": 0.0, ""headProngWidth"": 0.45, ""headProngs"": 0, ""headRearArc"": 0.0, ""headRearExp"": 2.2, ""headRelief"": 1.0, ""headWall"": 1.0, ""length"": 176.0, ""lensD"": 0.16, ""lensGap"": 0.3, ""lensRise"": 0.35, ""macroAmp"": 0.9, ""macroIndex"": 2, ""marginHeight"": 0.14, ""maxAngle"": 18.0, ""nKnuckles"": 3, ""occipitalSpine"": 0.0, ""overlap"": 0.7708708684021346, ""pleuralSlope"": 0.74, ""pygFrac"": 0.05, ""pygMarginal"": 0, ""pygMarginalLen"": 0.4679530274557107, ""pygRings"": 1, ""pygSpine"": 0.0, ""pygSplay"": 14.0, ""pygWidth"": 0.82, ""relief"": 16.690781469520765, ""ringArch"": 0.22, ""segCount"": 14, ""spineBase"": 0.23397651372785536, ""spineGrad"": 0.1, ""spineSweep"": 35.0, ""tailDomeExp"": 2.0, ""tailProngCenter"": 1.0, ""tailProngCurl"": 0.0, ""tailProngLen"": 0.5, ""tailProngSplay"": 30.0, ""tailProngStem"": 0.0, ""tailProngWidth"": 0.45, ""tailProngs"": 0, ""tailRelief"": 1.0, ""tailWall"": 1.0, ""tent"": 1.0, ""termSpine"": 0.0, ""tipSweep"": 0.75, ""tipTaper"": 0.9, ""wall"": 2.0, ""width"": 69.5, ""widthHeadFront"": 0.75, ""widthMaxPos"": 0.2, ""widthTail"": 0.3, ""widthThoraxFront"": 0.93, ""widthThoraxRear"": 0.3}"
92,redlichiida,0,7,0.6162,,"{""axialSpine"": 0.0, ""axisFrac"": 0.28, ""axisRise"": 0.0, ""axisSigma"": 0.55, ""barrelR"": 2.6, ""bladeCamber"": 0.14, ""bladeChord"": 0.9, ""borderWidth"": 0.1, ""boreDia"": 1.95, ""cephFrac"": 0.3448199592295771, ""cephParallel"": 0.05, ""clearance"": 0.3, ""effacement"": 0.0, ""eyeArc"": 150.0, ""eyeHeight"": 0.8, ""eyeLat"": 0.0, ""eyePos"": 0.45, ""eyeProfile"": 4.0, ""eyeShade"": 0.0, ""eyeSize"": 0.12, ""eyeSlope"": 15.0, ""eyeSolid"": 0, ""fulcrum"": 0.55, ""furrowDepth"": 1.2, ""genalCurve"": 14.0, ""genalPath"": ""s**2"", ""genalSpine"": 0.33893010117299477, ""genalSweep"": 0.3, ""genalTaper"": 2.0, ""genalWidth"": 0.12, ""genalWidthMM"": 0.0, ""glabFront"": 2.5, ""glabInflate"": 1.25, ""glabLobes"": 3, ""glabRise"": 0.18, ""headDomeExp"": 1.5, ""headDomeFill"": 0.82, ""headOutlineExp"": 2.15, ""headProngCenter"": 1.0, ""headProngCurl"": 0.0, ""headProngLen"": 0.6, ""headProngSplay"": 30.0, ""headProngStem"": 0.0, ""headProngWidth"": 0.45, ""headProngs"": 0, ""headRearArc"": 0.0, ""headRearExp"": 2.2, ""headRelief"": 1.0, ""headWall"": 1.0, ""length"": 176.0, ""lensD"": 0.16, ""lensGap"": 0.3, ""lensRise"": 0.35, ""macroAmp"": 0.9, ""macroIndex"": 2, ""marginHeight"": 0.14, ""maxAngle"": 18.0, ""nKnuckles"": 3, ""occipitalSpine"": 0.0, ""overlap"": 0.4300288728590194, ""pleuralSlope"": 0.74, ""pygFrac"": 0.06644761769358415, ""pygMarginal"": 0, ""pygMarginalLen"": 0.3081182737936316, ""pygRings"": 1, ""pygSpine"": 0.0, ""pygSplay"": 14.0, ""pygWidth"": 0.82, ""relief"": 12.60985051247917, ""ringArch"": 0.22, ""segCount"": 12, ""spineBase"": 0.1540591368968158, ""spineGrad"": 0.1, ""spineSweep"": 35.0, ""tailDomeExp"": 2.0, ""tailProngCenter"": 1.0, ""tailProngCurl"": 0.0, ""tailProngLen"": 0.5, ""tailProngSplay"": 30.0, ""tailProngStem"": 0.0, ""tailProngWidth"": 0.45, ""tailProngs"": 0, ""tailRelief"": 1.0, ""tailWall"": 1.0, ""tent"": 1.0, ""termSpine"": 0.0, ""tipSweep"": 0.75, ""tipTaper"": 0.9, ""wall"": 2.0, ""width"": 69.5, ""widthHeadFront"": 0.75, ""widthMaxPos"": 0.2, ""widthTail"": 0.3, ""widthThoraxFront"": 0.93, ""widthThoraxRear"": 0.4164038337178354}"
93,redlichiida,0,7,0.1135,"pygMarginalLen: 0.05674615073332659 clamped to [0.1, 1.5]","{""axialSpine"": 0.0, ""axisFrac"": 0.28, ""axisRise"": 0.0, ""axisSigma"": 0.55, ""barrelR"": 2.6, ""bladeCamber"": 0.14, ""bladeChord"": 0.9, ""borderWidth"": 0.1, ""boreDia"": 1.95, ""cephFrac"": 0.3059859415116885, ""cephParallel"": 0.05, ""clearance"": 0.3, ""effacement"": 0.0, ""eyeArc"": 150.0, ""eyeHeight"": 0.8, ""eyeLat"": 0.0, ""eyePos"": 0.45, ""eyeProfile"": 4.0, ""eyeShade"": 0.0, ""eyeSize"": 0.12, ""eyeSlope"": 15.0, ""eyeSolid"": 0, ""fulcrum"": 0.55, ""furrowDepth"": 1.2, ""genalCurve"": 14.0, ""genalPath"": ""s**2"", ""genalSpine"": 0.062420765806659256, ""genalSweep"": 0.3, ""genalTaper"": 2.0, ""genalWidth"": 0.12, ""genalWidthMM"": 0.0, ""glabFront"": 2.5, ""glabInflate"": 1.25, ""glabLobes"": 3, ""glabRise"": 0.18, ""headDomeExp"": 1.5, ""headDomeFill"": 0.82, ""headOutlineExp"": 2.15, ""headProngCenter"": 1.0, ""headProngCurl"": 0.0, ""headProngLen"": 0.6, ""headProngSplay"": 30.0, ""headProngStem"": 0.0, ""headProngWidth"": 0.45, ""headProngs"": 0, ""headRearArc"": 0.0, ""headRearExp"": 2.2, ""headRelief"": 1.0, ""headWall"": 1.0, ""length"": 176.0, ""lensD"": 0.16, ""lensGap"": 0.3, ""lensRise"": 0.35, ""macroAmp"": 0.9, ""macroIndex"": 2, ""marginHeight"": 0.14, ""maxAngle"": 18.0, ""nKnuckles"": 3, ""occipitalSpine"": 0.0, ""overlap"": 0.5426443794071384, ""pleuralSlope"": 0.74, ""pygFrac"": 0.07412917940884708, ""pygMarginal"": 0, ""pygMarginalLen"": 0.1, ""pygRings"": 1, ""pygSpine"": 0.0, ""pygSplay"": 14.0, ""pygWidth"": 0.82, ""relief"": 19.362652955524005, ""ringArch"": 0.22, ""segCount"": 15, ""spineBase"": 0.028373075366663295, ""spineGrad"": 0.1, ""spineSweep"": 35.0, ""tailDomeExp"": 2.0, ""tailProngCenter"": 1.0, ""tailProngCurl"": 0.0, ""tailProngLen"": 0.5, ""tailProngSplay"": 30.0, ""tailProngStem"": 0.0, ""tailProngWidth"": 0.45, ""tailProngs"": 0, ""tailRelief"": 1.0, ""tailWall"": 1.0, ""tent"": 1.0, ""termSpine"": 0.0, ""tipSweep"": 0.75, ""tipTaper"": 0.9, ""wall"": 2.0, ""width"": 69.5, ""widthHeadFront"": 0.75, ""widthMaxPos"": 0.2, ""widthTail"": 0.3, ""widthThoraxFront"": 0.93, ""widthThoraxRear"": 0.4656696705857425}"
94,redlichiida,0,7,0.3732,,"{""axialSpine"": 0.0, ""axisFrac"": 0.28, ""axisRise"": 0.0, ""axisSigma"": 0.55, ""barrelR"": 2.6, ""bladeCamber"": 0.14, ""bladeChord"": 0.9, ""borderWidth"": 0.1, ""boreDia"": 1.95, ""cephFrac"": 0.22019111109836106, ""cephParallel"": 0.05, ""clearance"": 0.3, ""effacement"": 0.0, ""eyeArc"": 150.0, ""eyeHeight"": 0.8, ""eyeLat"": 0.0, ""eyePos"": 0.45, ""eyeProfile"": 4.0, ""eyeShade"": 0.0, ""eyeSize"": 0.12, ""eyeSlope"": 15.0, ""eyeSolid"": 0, ""fulcrum"": 0.55, ""furrowDepth"": 1.2, ""genalCurve"": 14.0, ""genalPath"": ""s**2"", ""genalSpine"": 0.20528414697075295, ""genalSweep"": 0.3, ""genalTaper"": 2.0, ""genalWidth"": 0.12, ""genalWidthMM"": 0.0, ""glabFront"": 2.5, ""glabInflate"": 1.25, ""glabLobes"": 3, ""glabRise"": 0.18, ""headDomeExp"": 1.5, ""headDomeFill"": 0.82, ""headOutlineExp"": 2.15, ""headProngCenter"": 1.0, ""headProngCurl"": 0.0, ""headProngLen"": 0.6, ""headProngSplay"": 30.0, ""headProngStem"": 0.0, ""headProngWidth"": 0.45, ""headProngs"": 0, ""headRearArc"": 0.0, ""headRearExp"": 2.2, ""headRelief"": 1.0, ""headWall"": 1.0, ""length"": 176.0, ""lensD"": 0.16, ""lensGap"": 0.3, ""lensRise"": 0.35, ""macroAmp"": 0.9, ""macroIndex"": 2, ""marginHeight"": 0.14, ""maxAngle"": 18.0, ""nKnuckles"": 3, ""occipitalSpine"": 0.0, ""overlap"": 0.3844093041888706, ""pleuralSlope"": 0.74, ""pygFrac"": 0.0692746671635374, ""pygMarginal"": 0, ""pygMarginalLen"": 0.18662195179159358, ""pygRings"": 1, ""pygSpine"": 0.0, ""pygSplay"": 14.0, ""pygWidth"": 0.82, ""relief"": 14.768075684607613, ""ringArch"": 0.22, ""segCount"": 12, ""spineBase"": 0.09331097589579679, ""spineGrad"": 0.1, ""spineSweep"": 35.0, ""tailDomeExp"": 2.0, ""tailProngCenter"": 1.0, ""tailProngCurl"": 0.0, ""tailProngLen"": 0.5, ""tailProngSplay"": 30.0, ""tailProngStem"": 0.0, ""tailProngWidth"": 0.45, ""tailProngs"": 0, ""tailRelief"": 1.0, ""tailWall"": 1.0, ""tent"": 1.0, ""termSpine"": 0.0, ""tipSweep"": 0.75, ""tipTaper"": 0.9, ""wall"": 2.0, ""width"": 69.5, ""widthHeadFront"": 0.75, ""widthMaxPos"": 0.2, ""widthTail"": 0.3, ""widthThoraxFront"": 0.93, ""widthThoraxRear"": 0.6124297303714888}"
95,redlichiida,0,7,1.1156,,"{""axialSpine"": 0.0, ""axisFrac"": 0.28, ""axisRise"": 0.0, ""axisSigma"": 0.55, ""barrelR"": 2.6, ""bladeCamber"": 0.14, ""bladeChord"": 0.9, ""borderWidth"": 0.1, ""boreDia"": 1.95, ""cephFrac"": 0.25371253365517843, ""cephParallel"": 0.05, ""clearance"": 0.3, ""effacement"": 0.0, ""eyeArc"": 150.0, ""eyeHeight"": 0.8, ""eyeLat"": 0.0, ""eyePos"": 0.45, ""eyeProfile"": 4.0, ""eyeShade"": 0.0, ""eyeSize"": 0.12, ""eyeSlope"": 15.0, ""eyeSolid"": 0, ""fulcrum"": 0.55, ""furrowDepth"": 1.2, ""genalCurve"": 14.0, ""genalPath"": ""s**2"", ""genalSpine"": 0.613600747625459, ""genalSweep"": 0.3, ""genalTaper"": 2.0, ""genalWidth"": 0.12, ""genalWidthMM"": 0.0, ""glabFront"": 2.5, ""glabInflate"": 1.25, ""glabLobes"": 3, ""glabRise"": 0.18, ""headDomeExp"": 1.5, ""headDomeFill"": 0.82, ""headOutlineExp"": 2.15, ""headProngCenter"": 1.0, ""headProngCurl"": 0.0, ""headProngLen"": 0.6, ""headProngSplay"": 30.0, ""headProngStem"": 0.0, ""headProngWidth"": 0.45, ""headProngs"": 0, ""headRearArc"": 0.0, ""headRearExp"": 2.2, ""headRelief"": 1.0, ""headWall"": 1.0, ""length"": 176.0, ""lensD"": 0.16, ""lensGap"": 0.3, ""lensRise"": 0.35, ""macroAmp"": 0.9, ""macroIndex"": 2, ""marginHeight"": 0.14, ""maxAngle"": 18.0, ""nKnuckles"": 3, ""occipitalSpine"": 0.0, ""overlap"": 0.6922988411651011, ""pleuralSlope"": 0.74, ""pygFrac"": 0.06339296915108451, ""pygMarginal"": 0, ""pygMarginalLen"": 0.55781886147769, ""pygRings"": 1, ""pygSpine"": 0.0, ""pygSplay"": 14.0, ""pygWidth"": 0.82, ""relief"": 10.57903555734287, ""ringArch"": 0.22, ""segCount"": 16, ""spineBase"": 0.278909430738845, ""spineGrad"": 0.1, ""spineSweep"": 35.0, ""tailDomeExp"": 2.0, ""tailProngCenter"": 1.0, ""tailProngCurl"": 0.0, ""tailProngLen"": 0.5, ""tailProngSplay"": 30.0, ""tailProngStem"": 0.0, ""tailProngWidth"": 0.45, ""tailProngs"": 0, ""tailRelief"": 1.0, ""tailWall"": 1.0, ""tent"": 1.0, ""termSpine"": 0.0, ""tipSweep"": 0.75, ""tipTaper"": 0.9, ""wall"": 2.0, ""width"": 69.5, ""widthHeadFront"": 0.75, ""widthMaxPos"": 0.2, ""widthTail"": 0.3, ""widthThoraxFront"": 0.93, ""widthThoraxRear"": 0.38654540299876866}"
96,redlichiida,0,7,1.3204,"segCount: 17.0 clamped to [2, 16]","{""axialSpine"": 0.0, ""axisFrac"": 0.28, ""axisRise"": 0.0, ""axisSigma"": 0.55, ""barrelR"": 2.6, ""bladeCamber"": 0.14, ""bladeChord"": 0.9, ""borderWidth"": 0.1, ""boreDia"": 1.95, ""cephFrac"": 0.2762791135490862, ""cephParallel"": 0.05, ""clearance"": 0.3, ""effacement"": 0.0, ""eyeArc"": 150.0, ""eyeHeight"": 0.8, ""eyeLat"": 0.0, ""eyePos"": 0.45, ""eyeProfile"": 4.0, ""eyeShade"": 0.0, ""eyeSize"": 0.12, ""eyeSlope"": 15.0, ""eyeSolid"": 0, ""fulcrum"": 0.55, ""furrowDepth"": 1.2, ""genalCurve"": 14.0, ""genalPath"": ""s**2"", ""genalSpine"": 0.7262423261214925, ""genalSweep"": 0.3, ""genalTaper"": 2.0, ""genalWidth"": 0.12, ""genalWidthMM"": 0.0, ""glabFront"": 2.5, ""glabInflate"": 1.25, ""glabLobes"": 3, ""glabRise"": 0.18, ""headDomeExp"": 1.5, ""headDomeFill"": 0.82, ""headOutlineExp"": 2.15, ""headProngCenter"": 1.0, ""headProngCurl"": 0.0, ""headProngLen"": 0.6, ""headProngSplay"": 30.0, ""headProngStem"": 0.0, ""headProngWidth"": 0.45, ""headProngs"": 0, ""headRearArc"": 0.0, ""headRearExp"": 2.2, ""headRelief"": 1.0, ""headWall"": 1.0, ""length"": 176.0, ""lensD"": 0.16, ""lensGap"": 0.3, ""lensRise"": 0.35, ""macroAmp"": 0.9, ""macroIndex"": 2, ""marginHeight"": 0.14, ""maxAngle"": 18.0, ""nKnuckles"": 3, ""occipitalSpine"": 0.0, ""overlap"": 0.6302902655809755, ""pleuralSlope"": 0.74, ""pygFrac"": 0.05354024977311415, ""pygMarginal"": 0, ""pygMarginalLen"": 0.6602202964740841, ""pygRings"": 1, ""pygSpine"": 0.0, ""pygSplay"": 14.0, ""pygWidth"": 0.82, ""relief"": 17.281978456647366, ""ringArch"": 0.22, ""segCount"": 16, ""spineBase"": 0.33011014823704204, ""spineGrad"": 0.1, ""spineSweep"": 35.0, ""tailDomeExp"": 2.0, ""tailProngCenter"": 1.0, ""tailProngCurl"": 0.0, ""tailProngLen"": 0.5, ""tailProngSplay"": 30.0, ""tailProngStem"": 0.0, ""tailProngWidth"": 0.45, ""tailProngs"": 0, ""tailRelief"": 1.0, ""tailWall"": 1.0, ""tent"": 1.0, ""termSpine"": 0.0, ""tipSweep"": 0.75, ""tipTaper"": 0.9, ""wall"": 2.0, ""width"": 69.5, ""widthHeadFront"": 0.75, ""widthMaxPos"": 0.2, ""widthTail"": 0.3, ""widthThoraxFront"": 0.93, ""widthThoraxRear"": 0.5019385831859808}"
97,redlichiida,0,7,0.4727,"pygFrac: 0.049523507915811886 clamped to [0.05, 0.4]","{""axialSpine"": 0.0, ""axisFrac"": 0.28, ""axisRise"": 0.0, ""axisSigma"": 0.55, ""barrelR"": 2.6, ""bladeCamber"": 0.14, ""bladeChord"": 0.9, ""borderWidth"": 0.1, ""boreDia"": 1.95, ""cephFrac"": 0.2858896614646401, ""cephParallel"": 0.05, ""clearance"": 0.3, ""effacement"": 0.0, ""eyeArc"": 150.0, ""eyeHeight"": 0.8, ""eyeLat"": 0.0, ""eyePos"": 0.45, ""eyeProfile"": 4.0, ""eyeShade"": 0.0, ""eyeSize"": 0.12, ""eyeSlope"": 15.0, ""eyeSolid"": 0, ""fulcrum"": 0.55, ""furrowDepth"": 1.2, ""genalCurve"": 14.0, ""genalPath"": ""s**2"", ""genalSpine"": 0.25999710709760104, ""genalSweep"": 0.3, ""genalTaper"": 2.0, ""genalWidth"": 0.12, ""genalWidthMM"": 0.0, ""glabFront"": 2.5, ""glabInflate"": 1.25, ""glabLobes"": 3, ""glabRise"": 0.18, ""headDomeExp"": 1.5, ""headDomeFill"": 0.82, ""headOutlineExp"": 2.15, ""headProngCenter"": 1.0, ""headProngCurl"": 0.0, ""headProngLen"": 0.6, ""headProngSplay"": 30.0, ""headProngStem"": 0.0, ""headProngWidth"": 0.45, ""headProngs"": 0, ""headRearArc"": 0.0, ""headRearExp"": 2.2, ""headRelief"": 1.0, ""headWall"": 1.0, ""length"": 176.0, ""lensD"": 0.16, ""lensGap"": 0.3, ""lensRise"": 0.35, ""macroAmp"": 0.9, ""macroIndex"": 2, ""marginHeight"": 0.14, ""maxAngle"": 18.0, ""nKnuckles"": 3, ""occipitalSpine"": 0.0, ""overlap"": 0.3258964322888047, ""pleuralSlope"": 0.74, ""pygFrac"": 0.05, ""pygMarginal"": 0, ""pygMarginalLen"": 0.23636100645236455, ""pygRings"": 1, ""pygSpine"": 0.0, ""pygSplay"": 14.0, ""pygWidth"": 0.82, ""relief"": 23.422097837309405, ""ringArch"": 0.22, ""segCount"": 13, ""spineBase"": 0.11818050322618227, ""spineGrad"": 0.1, ""spineSweep"": 35.0, ""tailDomeExp"": 2.0, ""tailProngCenter"": 1.0, ""tailProngCurl"": 0.0, ""tailProngLen"": 0.5, ""tailProngSplay"": 30.0, ""tailProngStem"": 0.0, ""tailProngWidth"": 0.45, ""tailProngs"": 0, ""tailRelief"": 1.0, ""tailWall"": 1.0, ""tent"": 1.0, ""termSpine"": 0.0, ""tipSweep"": 0.75, ""tipTaper"": 0.9, ""wall"": 2.0, ""width"": 69.5, ""widthHeadFront"": 0.75, ""widthMaxPos"": 0.2, ""widthTail"": 0.3, ""widthThoraxFront"": 0.93, ""widthThoraxRear"": 0.3467961848795592}"
98,redlichiida,1,7,,,"{""axialSpine"": 0.0, ""axisFrac"": 0.28, ""axisRise"": 0.0, ""axisSigma"": 0.55, ""barrelR"": 2.6, ""bladeCamber"": 0.14, ""bladeChord"": 0.9, ""borderWidth"": 0.1, ""boreDia"": 1.95, ""cephFrac"": 0.3, ""cephParallel"": 0.05, ""clearance"": 0.3, ""effacement"": 0.0, ""eyeArc"": 150.0, ""eyeHeight"": 0.8, ""eyeLat"": 0.0, ""eyePos"": 0.45, ""eyeProfile"": 4.0, ""eyeShade"": 0.0, ""eyeSize"": 0.0, ""eyeSlope"": 15.0, ""eyeSolid"": 0, ""fulcrum"": 0.55, ""furrowDepth"": 1.2, ""genalCurve"": 14.0, ""genalPath"": ""s**2"", ""genalSpine"": 0.55, ""genalSweep"": 0.3, ""genalTaper"": 2.0, ""genalWidth"": 0.12, ""genalWidthMM"": 0.0, ""glabFront"": 2.5, ""glabInflate"": 1.25, ""glabLobes"": 3, ""glabRise"": 0.18, ""headDomeExp"": 1.5, ""headDomeFill"": 0.82, ""headOutlineExp"": 2.15, ""headProngCenter"": 1.0, ""headProngCurl"": 0.0, ""headProngLen"": 0.6, ""headProngSplay"": 30.0, ""headProngStem"": 0.0, ""headProngWidth"": 0.45, ""headProngs"": 0, ""headRearArc"": 0.0, ""headRearExp"": 2.2, ""headRelief"": 1.0, ""headWall"": 1.0, ""length"": 176.0, ""lensD"": 0.16, ""lensGap"": 0.3, ""lensRise"": 0.35, ""macroAmp"": 0.9, ""macroIndex"": 2, ""marginHeight"": 0.14, ""maxAngle"": 18.0, ""nKnuckles"": 3, ""occipitalSpine"": 0.0, ""overlap"": 0.45, ""pleuralSlope"": 0.74, ""pygFrac"": 0.06, ""pygMarginal"": 0, ""pygMarginalLen"": 0.5, ""pygRings"": 1, ""pygSpine"": 0.0, ""pygSplay"": 14.0, ""pygWidth"": 0.82, ""relief"": 17.1, ""ringArch"": 0.22, ""segCount"": 14, ""spineBase"": 0.25, ""spineGrad"": 0.1, ""spineSweep"": 35.0, ""tailDomeExp"": 2.0, ""tailProngCenter"": 1.0, ""tailProngCurl"": 0.0, ""tailProngLen"": 0.5, ""tailProngSplay"": 30.0, ""tailProngStem"": 0.0, ""tailProngWidth"": 0.45, ""tailProngs"": 0, ""tailRelief"": 1.0, ""tailWall"": 1.0, ""tent"": 1.0, ""termSpine"": 0.0, ""tipSweep"": 0.75, ""tipTaper"": 0.9, ""wall"": 2.0, ""width"": 69.5, ""widthHeadFront"": 0.75, ""widthMaxPos"": 0.2, ""widthTail"": 0.3, ""widthThoraxFront"": 0.93, ""widthThoraxRear"": 0.45}"
99,redlichiida,1,7,,,"{""axialSpine"": 0.0, ""axisFrac"": 0.28, ""axisRise"": 0.0, ""axisSigma"": 0.55, ""barrelR"": 2.6, ""bladeCamber"": 0.14, ""bladeChord"": 0.9, ""borderWidth"": 0.1, ""boreDia"": 1.95, ""cephFrac"": 0.3, ""cephParallel"": 0.05, ""clearance"": 0.3, ""effacement"": 0.0, ""eyeArc"": 150.0, ""eyeHeight"": 0.8, ""eyeLat"": 0.0, ""eyePos"": 0.45, ""eyeProfile"": 4.0, ""eyeShade"": 0.0, ""eyeSize"": 0.45, ""eyeSlope"": 15.0, ""eyeSolid"": 0, ""fulcrum"": 0.55, ""furrowDepth"": 1.2, ""genalCurve"": 14.0, ""genalPath"": ""s**2"", ""genalSpine"": 0.55, ""genalSweep"": 0.3, ""genalTaper"": 2.0, ""genalWidth"": 0.12, ""genalWidthMM"": 0.0, ""glabFront"": 2.5, ""glabInflate"": 1.25, ""glabLobes"": 3, ""glabRise"": 0.18, ""headDomeExp"": 1.5, ""headDomeFill"": 0.82, ""headOutlineExp"": 2.15, ""headProngCenter"": 1.0, ""headProngCurl"": 0.0, ""headProngLen"": 0.6, ""headProngSplay"": 30.0, ""headProngStem"": 0.0, ""headProngWidth"": 0.45, ""headProngs"": 0, ""headRearArc"": 0.0, ""headRearExp"": 2.2, ""headRelief"": 1.0, ""headWall"": 1.0, ""length"": 176.0, ""lensD"": 0.16, ""lensGap"": 0.3, ""lensRise"": 0.35, ""macroAmp"": 0.9, ""macroIndex"": 2, ""marginHeight"": 0.14, ""maxAngle"": 18.0, ""nKnuckles"": 3, ""occipitalSpine"": 0.0, ""overlap"": 0.45, ""pleuralSlope"": 0.74, ""pygFrac"": 0.06, ""pygMarginal"": 0, ""pygMarginalLen"": 0.5, ""pygRings"": 1, ""pygSpine"": 0.0, ""pygSplay"": 14.0, ""pygWidth"": 0.82, ""relief"": 17.1, ""ringArch"": 0.22, ""segCount"": 14, ""spineBase"": 0.25, ""spineGrad"": 0.1, ""spineSweep"": 35.0, ""tailDomeExp"": 2.0, ""tailProngCenter"": 1.0, ""tailProngCurl"": 0.0, ""tailProngLen"": 0.5, ""tailProngSplay"": 30.0, ""tailProngStem"": 0.0, ""tailProngWidth"": 0.45, ""tailProngs"": 0, ""tailRelief"": 1.0, ""tailWall"": 1.0, ""tent"": 1.0, ""termSpine"": 0.0, ""tipSweep"": 0.75, ""tipTaper"": 0.9, ""wall"": 2.0, ""width"": 69.5, ""widthHeadFront"": 0.75, ""widthMaxPos"": 0.2, ""widthTail"": 0.3, ""widthThoraxFront"": 0.93, ""widthThoraxRear"": 0.45}"
